account_id,client_id,account_type,currency,country_code,opened_date,status,available_balance
ACC-000001,CLIENT-0001,SETTLEMENT,AED,AE,2024-07-26,ACTIVE,1369599.45
ACC-000002,CLIENT-0001,TREASURY,AED,AE,2026-06-29,ACTIVE,1821687.38
ACC-000003,CLIENT-0001,FX,AED,AE,2025-08-27,ACTIVE,1568130.49
ACC-000004,CLIENT-0001,CHECKING,AED,AE,2024-05-15,ACTIVE,194803.37
ACC-000005,CLIENT-0001,ESCROW,AED,AE,2026-01-11,ACTIVE,167119.03
ACC-000006,CLIENT-0002,TREASURY,USD,CA,2025-02-11,ACTIVE,861433.12
ACC-000007,CLIENT-0003,OPERATING,EUR,IN,2021-09-17,ACTIVE,1818995.44
ACC-000008,CLIENT-0003,CHECKING,USD,IN,2021-03-23,ACTIVE,317035.21
ACC-000009,CLIENT-0004,OPERATING,JPY,JP,2023-02-05,INACTIVE,334.05
ACC-000010,CLIENT-0005,SETTLEMENT,CAD,CA,2024-12-10,ACTIVE,380676.87
ACC-000011,CLIENT-0006,CREDIT,EUR,AE,2022-08-17,ACTIVE,110743.59
ACC-000012,CLIENT-0006,SAVINGS,AED,AE,2023-02-21,ACTIVE,149339.96
ACC-000013,CLIENT-0007,FX,USD,US,2026-03-20,ACTIVE,1475955.42
ACC-000014,CLIENT-0008,ESCROW,BRL,BR,2022-08-16,ACTIVE,1940287.91
ACC-000015,CLIENT-0008,CHECKING,BRL,BR,2019-05-29,ACTIVE,2338272.38
ACC-000016,CLIENT-0009,SAVINGS,JPY,JP,2026-01-04,ACTIVE,82764.02
ACC-000017,CLIENT-0009,BROKERAGE,JPY,JP,2025-01-29,ACTIVE,100977.47
ACC-000018,CLIENT-0010,OPERATING,CAD,CA,2020-07-15,ACTIVE,16880.67
ACC-000019,CLIENT-0010,TREASURY,CAD,CA,2023-11-20,ACTIVE,1806637.98
ACC-000020,CLIENT-0010,SETTLEMENT,GBP,CA,2024-05-21,ACTIVE,705205.84
ACC-000021,CLIENT-0010,ESCROW,CAD,CA,2022-09-17,ACTIVE,1438498.54
ACC-000022,CLIENT-0010,CHECKING,USD,CA,2025-10-04,ACTIVE,215191.04
ACC-000023,CLIENT-0011,CHECKING,USD,US,2026-01-18,ACTIVE,28796.58
ACC-000024,CLIENT-0011,MONEY_MARKET,USD,US,2025-09-12,ACTIVE,151101.36
ACC-000025,CLIENT-0011,SAVINGS,USD,US,2026-04-07,ACTIVE,23305.35
ACC-000026,CLIENT-0012,CHECKING,JPY,NL,2025-05-22,ACTIVE,109381.55
ACC-000027,CLIENT-0012,SAVINGS,CAD,NL,2025-11-01,ACTIVE,30979.71
ACC-000028,CLIENT-0012,MONEY_MARKET,JPY,NL,2026-01-19,ACTIVE,83977.84
ACC-000029,CLIENT-0012,CREDIT,USD,NL,2025-01-09,ACTIVE,19945.42
ACC-000030,CLIENT-0012,BROKERAGE,EUR,NL,2024-11-16,ACTIVE,112196.08
ACC-000031,CLIENT-0013,OPERATING,USD,US,2025-06-15,ACTIVE,1700214.07
ACC-000032,CLIENT-0013,CHECKING,USD,US,2023-03-22,ACTIVE,1465161.65
ACC-000033,CLIENT-0014,SETTLEMENT,USD,US,2026-06-29,ACTIVE,2318934.57
ACC-000034,CLIENT-0015,SETTLEMENT,USD,US,2024-04-07,ACTIVE,1566498.24
ACC-000035,CLIENT-0015,TREASURY,USD,US,2025-12-19,ACTIVE,1599636.99
ACC-000036,CLIENT-0015,ESCROW,USD,US,2024-11-21,ACTIVE,1669476.57
ACC-000037,CLIENT-0015,OPERATING,EUR,US,2025-04-27,ACTIVE,699049.36
ACC-000038,CLIENT-0015,CHECKING,USD,US,2025-09-10,ACTIVE,871788.60
ACC-000039,CLIENT-0016,SAVINGS,USD,JP,2021-10-24,ACTIVE,142079.11
ACC-000040,CLIENT-0016,BROKERAGE,USD,JP,2023-03-13,ACTIVE,174157.55
ACC-000041,CLIENT-0016,MONEY_MARKET,USD,JP,2023-03-27,ACTIVE,96987.10
ACC-000042,CLIENT-0016,CREDIT,EUR,JP,2020-06-27,ACTIVE,136184.81
ACC-000043,CLIENT-0017,BROKERAGE,CAD,CH,2025-04-01,ACTIVE,95916.37
ACC-000044,CLIENT-0018,OPERATING,USD,SG,2020-12-09,ACTIVE,280374.86
ACC-000045,CLIENT-0018,TREASURY,SGD,SG,2025-03-07,ACTIVE,1715327.29
ACC-000046,CLIENT-0018,FX,SGD,SG,2021-03-21,ACTIVE,349828.10
ACC-000047,CLIENT-0018,SETTLEMENT,SGD,SG,2021-10-11,ACTIVE,2271514.60
ACC-000048,CLIENT-0018,CHECKING,MXN,SG,2020-10-06,ACTIVE,770456.35
ACC-000049,CLIENT-0019,CREDIT,USD,BR,2025-02-19,ACTIVE,158031.03
ACC-000050,CLIENT-0019,CHECKING,USD,BR,2026-04-12,ACTIVE,33068.06
ACC-000051,CLIENT-0019,BROKERAGE,BRL,BR,2024-10-09,ACTIVE,115743.84
ACC-000052,CLIENT-0019,MONEY_MARKET,USD,BR,2023-01-08,ACTIVE,96055.15
ACC-000053,CLIENT-0019,SAVINGS,BRL,BR,2023-01-18,ACTIVE,103758.67
ACC-000054,CLIENT-0020,SETTLEMENT,USD,US,2026-05-16,ACTIVE,2010091.63
ACC-000055,CLIENT-0020,OPERATING,USD,US,2026-07-02,ACTIVE,1396998.74
ACC-000056,CLIENT-0020,ESCROW,USD,US,2026-06-08,ACTIVE,1116699.97
ACC-000057,CLIENT-0021,OPERATING,GBP,GB,2023-07-18,ACTIVE,190200.29
ACC-000058,CLIENT-0021,CHECKING,GBP,GB,2025-03-25,ACTIVE,2011828.64
ACC-000059,CLIENT-0021,SETTLEMENT,USD,GB,2024-12-27,ACTIVE,476919.06
ACC-000060,CLIENT-0022,MONEY_MARKET,EUR,NL,2022-12-17,ACTIVE,12215.71
ACC-000061,CLIENT-0023,FX,USD,US,2023-05-12,ACTIVE,978709.33
ACC-000062,CLIENT-0024,BROKERAGE,BRL,BR,2022-04-02,ACTIVE,147855.37
ACC-000063,CLIENT-0024,CHECKING,USD,BR,2021-10-15,ACTIVE,79437.64
ACC-000064,CLIENT-0024,SAVINGS,BRL,BR,2026-05-26,ACTIVE,121260.46
ACC-000065,CLIENT-0024,CREDIT,GBP,BR,2026-07-04,ACTIVE,66463.68
ACC-000066,CLIENT-0025,FX,USD,JP,2025-10-08,ACTIVE,1568807.79
ACC-000067,CLIENT-0025,OPERATING,USD,JP,2024-08-23,ACTIVE,2279514.02
ACC-000068,CLIENT-0025,ESCROW,JPY,JP,2024-12-28,ACTIVE,2312880.91
ACC-000069,CLIENT-0025,SETTLEMENT,USD,JP,2024-08-10,ACTIVE,1373515.72
ACC-000070,CLIENT-0026,CHECKING,USD,CH,2025-09-03,ACTIVE,529806.95
ACC-000071,CLIENT-0026,OPERATING,EUR,CH,2024-03-23,ACTIVE,1837526.43
ACC-000072,CLIENT-0027,ESCROW,USD,US,2025-03-03,ACTIVE,1805950.48
ACC-000073,CLIENT-0027,OPERATING,USD,US,2020-09-24,ACTIVE,245933.41
ACC-000074,CLIENT-0027,FX,USD,US,2021-11-22,ACTIVE,845599.67
ACC-000075,CLIENT-0028,CHECKING,EUR,SG,2025-07-14,ACTIVE,180669.57
ACC-000076,CLIENT-0028,FX,SGD,SG,2025-10-24,ACTIVE,2188652.88
ACC-000077,CLIENT-0028,ESCROW,USD,SG,2025-01-06,ACTIVE,339493.23
ACC-000078,CLIENT-0029,CHECKING,USD,MX,2025-12-18,ACTIVE,1730039.87
ACC-000079,CLIENT-0030,ESCROW,EUR,FR,2026-02-02,ACTIVE,1070760.48
ACC-000080,CLIENT-0030,SETTLEMENT,EUR,FR,2025-12-05,ACTIVE,1816085.91
ACC-000081,CLIENT-0030,FX,EUR,FR,2024-05-07,ACTIVE,1670370.34
ACC-000082,CLIENT-0030,CHECKING,EUR,FR,2025-12-10,ACTIVE,1241209.94
ACC-000083,CLIENT-0031,TREASURY,USD,DE,2022-01-15,ACTIVE,1520181.23
ACC-000084,CLIENT-0031,CHECKING,EUR,DE,2021-06-20,ACTIVE,856399.46
ACC-000085,CLIENT-0031,OPERATING,EUR,DE,2024-07-16,ACTIVE,828457.18
ACC-000086,CLIENT-0031,ESCROW,AED,DE,2020-07-22,ACTIVE,983888.47
ACC-000087,CLIENT-0031,SETTLEMENT,EUR,DE,2026-05-14,ACTIVE,2309472.50
ACC-000088,CLIENT-0032,OPERATING,USD,US,2025-12-22,ACTIVE,879215.40
ACC-000089,CLIENT-0033,OPERATING,INR,IN,2024-06-09,ACTIVE,442020.33
ACC-000090,CLIENT-0034,TREASURY,USD,US,2024-12-02,ACTIVE,1528029.90
ACC-000091,CLIENT-0034,SETTLEMENT,USD,US,2024-07-28,ACTIVE,30342.16
ACC-000092,CLIENT-0034,OPERATING,USD,US,2022-02-18,ACTIVE,1346422.74
ACC-000093,CLIENT-0035,TREASURY,EUR,FR,2025-07-20,INACTIVE,3794.23
ACC-000094,CLIENT-0035,SETTLEMENT,EUR,FR,2026-04-23,INACTIVE,7317.49
ACC-000095,CLIENT-0035,CHECKING,EUR,FR,2026-01-02,INACTIVE,11433.50
ACC-000096,CLIENT-0036,CHECKING,USD,MX,2024-02-28,ACTIVE,151451.78
ACC-000097,CLIENT-0037,OPERATING,USD,US,2025-05-05,ACTIVE,238835.16
ACC-000098,CLIENT-0037,ESCROW,USD,US,2025-10-15,ACTIVE,12106.38
ACC-000099,CLIENT-0037,SETTLEMENT,USD,US,2025-09-27,ACTIVE,939765.72
ACC-000100,CLIENT-0037,FX,EUR,US,2026-01-30,ACTIVE,1618262.07
ACC-000101,CLIENT-0038,ESCROW,USD,NL,2026-01-09,ACTIVE,1331037.35
ACC-000102,CLIENT-0038,SETTLEMENT,USD,NL,2026-06-26,ACTIVE,2099395.71
ACC-000103,CLIENT-0038,OPERATING,USD,NL,2026-04-01,ACTIVE,345173.06
ACC-000104,CLIENT-0038,CHECKING,USD,NL,2026-01-29,ACTIVE,1300982.88
ACC-000105,CLIENT-0039,CHECKING,EUR,GB,2026-06-02,ACTIVE,1305185.08
ACC-000106,CLIENT-0039,FX,GBP,GB,2024-11-15,ACTIVE,1459160.80
ACC-000107,CLIENT-0039,OPERATING,EUR,GB,2026-05-04,ACTIVE,1759571.77
ACC-000108,CLIENT-0039,ESCROW,USD,GB,2026-04-30,ACTIVE,1719439.74
ACC-000109,CLIENT-0039,SETTLEMENT,EUR,GB,2025-12-08,ACTIVE,2112823.15
ACC-000110,CLIENT-0040,SETTLEMENT,USD,AU,2026-06-04,INACTIVE,24286.94
ACC-000111,CLIENT-0040,ESCROW,USD,AU,2025-07-21,INACTIVE,16018.88
ACC-000112,CLIENT-0041,CREDIT,USD,BR,2023-11-29,ACTIVE,116085.97
ACC-000113,CLIENT-0041,SAVINGS,USD,BR,2026-04-12,ACTIVE,121786.39
ACC-000114,CLIENT-0041,CHECKING,USD,BR,2025-05-18,ACTIVE,177829.43
ACC-000115,CLIENT-0042,ESCROW,EUR,NL,2024-12-24,ACTIVE,818776.93
ACC-000116,CLIENT-0043,TREASURY,USD,CA,2025-08-25,ACTIVE,541310.61
ACC-000117,CLIENT-0044,CHECKING,BRL,BR,2026-01-05,ACTIVE,1691425.54
ACC-000118,CLIENT-0045,ESCROW,USD,BR,2024-05-26,ACTIVE,1066926.64
ACC-000119,CLIENT-0045,FX,USD,BR,2024-11-05,ACTIVE,2017377.19
ACC-000120,CLIENT-0045,TREASURY,USD,BR,2025-06-01,ACTIVE,959756.99
ACC-000121,CLIENT-0046,CREDIT,USD,US,2025-05-07,ACTIVE,73083.56
ACC-000122,CLIENT-0046,SAVINGS,CHF,US,2024-11-10,ACTIVE,2907.72
ACC-000123,CLIENT-0046,CHECKING,USD,US,2025-02-23,ACTIVE,102370.46
ACC-000124,CLIENT-0046,MONEY_MARKET,USD,US,2024-10-19,ACTIVE,151847.50
ACC-000125,CLIENT-0047,CHECKING,USD,US,2024-02-01,ACTIVE,538966.51
ACC-000126,CLIENT-0047,OPERATING,USD,US,2023-10-14,ACTIVE,2072287.94
ACC-000127,CLIENT-0048,TREASURY,USD,US,2025-10-16,ACTIVE,1598048.40
ACC-000128,CLIENT-0048,ESCROW,USD,US,2025-08-12,ACTIVE,1421839.95
ACC-000129,CLIENT-0048,OPERATING,USD,US,2026-04-15,ACTIVE,1336605.21
ACC-000130,CLIENT-0048,SETTLEMENT,USD,US,2023-11-01,ACTIVE,1617660.38
ACC-000131,CLIENT-0048,FX,USD,US,2026-05-21,ACTIVE,1080742.47
ACC-000132,CLIENT-0049,TREASURY,USD,US,2026-01-19,ACTIVE,1152287.47
ACC-000133,CLIENT-0049,ESCROW,USD,US,2024-10-25,ACTIVE,1998038.87
ACC-000134,CLIENT-0049,CHECKING,USD,US,2026-07-04,ACTIVE,2349612.65
ACC-000135,CLIENT-0049,OPERATING,USD,US,2026-03-07,ACTIVE,46244.12
ACC-000136,CLIENT-0049,FX,EUR,US,2025-08-29,ACTIVE,556793.56
ACC-000137,CLIENT-0050,FX,AUD,DE,2026-05-18,INACTIVE,5565.19
ACC-000138,CLIENT-0051,OPERATING,USD,CA,2025-10-19,INACTIVE,11698.79
ACC-000139,CLIENT-0051,CHECKING,CAD,CA,2025-11-09,INACTIVE,13822.41
ACC-000140,CLIENT-0051,TREASURY,USD,CA,2025-09-21,INACTIVE,14850.29
ACC-000141,CLIENT-0051,FX,USD,CA,2025-08-30,INACTIVE,6153.97
ACC-000142,CLIENT-0051,SETTLEMENT,USD,CA,2026-01-31,INACTIVE,5002.01
ACC-000143,CLIENT-0052,CHECKING,USD,NL,2023-11-05,ACTIVE,1057671.91
ACC-000144,CLIENT-0052,OPERATING,EUR,NL,2021-06-06,ACTIVE,1479616.18
ACC-000145,CLIENT-0053,CHECKING,USD,MX,2024-06-10,ACTIVE,631442.65
ACC-000146,CLIENT-0053,OPERATING,MXN,MX,2020-11-27,ACTIVE,1091080.89
ACC-000147,CLIENT-0053,ESCROW,USD,MX,2020-10-17,ACTIVE,1081780.08
ACC-000148,CLIENT-0053,SETTLEMENT,USD,MX,2021-07-16,ACTIVE,1701483.61
ACC-000149,CLIENT-0054,MONEY_MARKET,USD,US,2024-05-03,ACTIVE,66395.66
ACC-000150,CLIENT-0054,CREDIT,USD,US,2026-06-16,ACTIVE,23614.81
ACC-000151,CLIENT-0054,SAVINGS,USD,US,2025-12-16,ACTIVE,117049.04
ACC-000152,CLIENT-0055,FX,EUR,BR,2026-04-21,INACTIVE,23744.61
ACC-000153,CLIENT-0055,CHECKING,USD,BR,2025-08-25,INACTIVE,10415.91
ACC-000154,CLIENT-0055,SETTLEMENT,BRL,BR,2024-06-27,INACTIVE,11415.79
ACC-000155,CLIENT-0055,ESCROW,EUR,BR,2024-01-31,INACTIVE,10665.77
ACC-000156,CLIENT-0055,TREASURY,BRL,BR,2023-02-14,INACTIVE,15085.21
ACC-000157,CLIENT-0056,FX,USD,CA,2024-05-28,ACTIVE,1268281.99
ACC-000158,CLIENT-0056,ESCROW,AUD,CA,2023-06-24,ACTIVE,274490.97
ACC-000159,CLIENT-0056,TREASURY,MXN,CA,2026-01-15,ACTIVE,2138808.08
ACC-000160,CLIENT-0057,BROKERAGE,SGD,SG,2021-11-19,ACTIVE,147148.17
ACC-000161,CLIENT-0058,SAVINGS,USD,NL,2022-10-19,INACTIVE,19747.67
ACC-000162,CLIENT-0059,TREASURY,USD,MX,2020-08-18,ACTIVE,1703664.57
ACC-000163,CLIENT-0059,ESCROW,MXN,MX,2026-05-14,ACTIVE,1203044.16
ACC-000164,CLIENT-0059,OPERATING,MXN,MX,2021-01-02,ACTIVE,2159384.96
ACC-000165,CLIENT-0059,CHECKING,USD,MX,2020-08-31,ACTIVE,1147244.97
ACC-000166,CLIENT-0059,FX,USD,MX,2023-08-27,ACTIVE,755697.21
ACC-000167,CLIENT-0060,CHECKING,GBP,AE,2025-09-19,ACTIVE,103747.36
ACC-000168,CLIENT-0061,SAVINGS,USD,US,2025-11-04,ACTIVE,13023.71
ACC-000169,CLIENT-0062,SETTLEMENT,EUR,DE,2026-06-03,ACTIVE,1168948.44
ACC-000170,CLIENT-0062,TREASURY,USD,DE,2025-11-04,ACTIVE,2044330.38
ACC-000171,CLIENT-0062,OPERATING,EUR,DE,2025-05-08,ACTIVE,571556.52
ACC-000172,CLIENT-0062,FX,USD,DE,2026-06-19,ACTIVE,2451616.69
ACC-000173,CLIENT-0062,CHECKING,INR,DE,2025-09-09,ACTIVE,1994816.91
ACC-000174,CLIENT-0063,CREDIT,SGD,SG,2023-04-10,ACTIVE,174569.13
ACC-000175,CLIENT-0064,SETTLEMENT,USD,US,2019-06-19,ACTIVE,1019381.06
ACC-000176,CLIENT-0064,OPERATING,USD,US,2023-05-20,ACTIVE,677364.53
ACC-000177,CLIENT-0064,ESCROW,USD,US,2024-04-20,ACTIVE,81422.13
ACC-000178,CLIENT-0064,CHECKING,USD,US,2022-11-25,ACTIVE,1999547.11
ACC-000179,CLIENT-0065,BROKERAGE,JPY,JP,2025-04-14,ACTIVE,84942.26
ACC-000180,CLIENT-0066,SETTLEMENT,USD,US,2021-01-14,ACTIVE,1041518.35
ACC-000181,CLIENT-0066,TREASURY,USD,US,2019-06-23,ACTIVE,2014161.81
ACC-000182,CLIENT-0066,CHECKING,MXN,US,2021-04-29,ACTIVE,209001.14
ACC-000183,CLIENT-0066,FX,USD,US,2023-11-08,ACTIVE,864388.59
ACC-000184,CLIENT-0067,SETTLEMENT,USD,US,2025-04-06,INACTIVE,23167.69
ACC-000185,CLIENT-0067,OPERATING,USD,US,2026-06-08,INACTIVE,18982.62
ACC-000186,CLIENT-0067,FX,USD,US,2025-07-09,INACTIVE,2387.52
ACC-000187,CLIENT-0067,CHECKING,USD,US,2026-05-20,INACTIVE,5107.77
ACC-000188,CLIENT-0067,ESCROW,USD,US,2025-06-19,INACTIVE,21542.92
ACC-000189,CLIENT-0068,FX,MXN,MX,2025-05-12,ACTIVE,2298037.51
ACC-000190,CLIENT-0068,TREASURY,MXN,MX,2026-02-15,ACTIVE,1937005.55
ACC-000191,CLIENT-0069,CHECKING,USD,NL,2023-06-08,ACTIVE,1060131.28
ACC-000192,CLIENT-0070,TREASURY,EUR,US,2026-06-14,ACTIVE,1724302.59
ACC-000193,CLIENT-0070,OPERATING,USD,US,2024-11-17,ACTIVE,69988.72
ACC-000194,CLIENT-0070,ESCROW,USD,US,2025-05-13,ACTIVE,1646615.91
ACC-000195,CLIENT-0070,FX,USD,US,2025-10-02,ACTIVE,1711083.70
ACC-000196,CLIENT-0071,ESCROW,GBP,GB,2023-07-17,ACTIVE,2250707.80
ACC-000197,CLIENT-0071,FX,EUR,GB,2022-11-03,ACTIVE,231821.93
ACC-000198,CLIENT-0071,SETTLEMENT,USD,GB,2022-10-08,ACTIVE,1736661.68
ACC-000199,CLIENT-0072,FX,USD,NL,2026-03-24,ACTIVE,1597062.23
ACC-000200,CLIENT-0072,ESCROW,GBP,NL,2026-05-10,ACTIVE,574972.25
ACC-000201,CLIENT-0073,SAVINGS,USD,DE,2024-01-26,ACTIVE,157484.67
ACC-000202,CLIENT-0073,MONEY_MARKET,USD,DE,2023-06-19,ACTIVE,79426.07
ACC-000203,CLIENT-0073,BROKERAGE,EUR,DE,2021-01-11,ACTIVE,107577.04
ACC-000204,CLIENT-0073,CHECKING,USD,DE,2022-10-30,ACTIVE,135375.90
ACC-000205,CLIENT-0074,CHECKING,EUR,CH,2022-09-15,ACTIVE,1780891.38
ACC-000206,CLIENT-0074,OPERATING,USD,CH,2024-09-15,ACTIVE,1885150.34
ACC-000207,CLIENT-0074,TREASURY,AED,CH,2023-09-17,ACTIVE,2053713.29
ACC-000208,CLIENT-0074,ESCROW,USD,CH,2022-03-09,ACTIVE,2047632.32
ACC-000209,CLIENT-0074,FX,EUR,CH,2019-11-24,ACTIVE,223482.24
ACC-000210,CLIENT-0075,OPERATING,USD,US,2023-07-15,ACTIVE,1408487.28
ACC-000211,CLIENT-0076,TREASURY,USD,US,2022-08-03,ACTIVE,790535.11
ACC-000212,CLIENT-0076,CHECKING,USD,US,2024-05-20,ACTIVE,606714.47
ACC-000213,CLIENT-0076,FX,USD,US,2025-04-09,ACTIVE,730423.32
ACC-000214,CLIENT-0076,ESCROW,USD,US,2023-08-05,ACTIVE,242965.80
ACC-000215,CLIENT-0076,SETTLEMENT,USD,US,2025-03-07,ACTIVE,1509608.06
ACC-000216,CLIENT-0077,CREDIT,EUR,CA,2024-07-20,ACTIVE,174482.05
ACC-000217,CLIENT-0078,SAVINGS,USD,DE,2026-05-21,ACTIVE,112951.75
ACC-000218,CLIENT-0078,BROKERAGE,JPY,DE,2024-10-29,ACTIVE,86613.84
ACC-000219,CLIENT-0079,FX,USD,CH,2025-01-01,ACTIVE,1732780.17
ACC-000220,CLIENT-0080,FX,USD,DE,2023-03-15,ACTIVE,115756.61
ACC-000221,CLIENT-0080,SETTLEMENT,EUR,DE,2025-04-18,ACTIVE,1505826.12
ACC-000222,CLIENT-0080,TREASURY,EUR,DE,2023-07-11,ACTIVE,350256.41
ACC-000223,CLIENT-0080,OPERATING,SGD,DE,2024-10-31,ACTIVE,1400649.27
ACC-000224,CLIENT-0081,OPERATING,INR,IN,2024-05-27,ACTIVE,133423.94
ACC-000225,CLIENT-0081,ESCROW,INR,IN,2025-07-30,ACTIVE,2365836.76
ACC-000226,CLIENT-0082,CREDIT,EUR,JP,2025-02-06,ACTIVE,7404.59
ACC-000227,CLIENT-0082,BROKERAGE,USD,JP,2024-01-28,ACTIVE,115532.23
ACC-000228,CLIENT-0082,SAVINGS,JPY,JP,2021-05-22,ACTIVE,143454.12
ACC-000229,CLIENT-0082,MONEY_MARKET,JPY,JP,2023-07-22,ACTIVE,161346.15
ACC-000230,CLIENT-0082,CHECKING,USD,JP,2024-11-09,ACTIVE,85296.43
ACC-000231,CLIENT-0083,TREASURY,EUR,GB,2022-10-12,INACTIVE,7806.52
ACC-000232,CLIENT-0083,FX,EUR,GB,2021-07-15,INACTIVE,9330.37
ACC-000233,CLIENT-0083,ESCROW,EUR,GB,2023-01-18,INACTIVE,1682.21
ACC-000234,CLIENT-0084,FX,USD,SG,2026-04-03,ACTIVE,2329611.21
ACC-000235,CLIENT-0084,CHECKING,SGD,SG,2023-03-09,ACTIVE,1542782.53
ACC-000236,CLIENT-0084,SETTLEMENT,SGD,SG,2022-11-11,ACTIVE,685097.25
ACC-000237,CLIENT-0084,TREASURY,USD,SG,2025-04-08,ACTIVE,1725725.25
ACC-000238,CLIENT-0085,SAVINGS,CAD,CA,2025-01-24,ACTIVE,110500.92
ACC-000239,CLIENT-0085,CHECKING,USD,CA,2023-01-14,ACTIVE,103664.83
ACC-000240,CLIENT-0085,CREDIT,CAD,CA,2023-11-07,ACTIVE,16772.77
ACC-000241,CLIENT-0085,MONEY_MARKET,USD,CA,2023-05-13,ACTIVE,132580.30
ACC-000242,CLIENT-0086,MONEY_MARKET,USD,JP,2021-05-01,ACTIVE,10751.70
ACC-000243,CLIENT-0086,CHECKING,JPY,JP,2024-03-17,ACTIVE,78950.04
ACC-000244,CLIENT-0087,OPERATING,GBP,GB,2019-04-19,ACTIVE,1493512.20
ACC-000245,CLIENT-0087,ESCROW,EUR,GB,2025-12-17,ACTIVE,2476357.84
ACC-000246,CLIENT-0087,CHECKING,EUR,GB,2018-07-17,ACTIVE,534993.97
ACC-000247,CLIENT-0087,FX,GBP,GB,2023-06-09,ACTIVE,901479.72
ACC-000248,CLIENT-0088,CHECKING,USD,US,2026-07-14,INACTIVE,18893.07
ACC-000249,CLIENT-0088,TREASURY,USD,US,2025-05-31,INACTIVE,460.97
ACC-000250,CLIENT-0089,ESCROW,USD,SG,2026-06-14,INACTIVE,21800.49
ACC-000251,CLIENT-0089,CHECKING,USD,SG,2026-03-02,INACTIVE,7068.90
ACC-000252,CLIENT-0089,SETTLEMENT,USD,SG,2026-02-27,INACTIVE,11189.77
ACC-000253,CLIENT-0090,SETTLEMENT,EUR,GB,2023-11-10,ACTIVE,698851.14
ACC-000254,CLIENT-0090,CHECKING,EUR,GB,2025-05-31,ACTIVE,146090.62
ACC-000255,CLIENT-0090,OPERATING,CHF,GB,2021-08-13,ACTIVE,34618.05
ACC-000256,CLIENT-0090,ESCROW,GBP,GB,2026-06-24,ACTIVE,2314741.60
ACC-000257,CLIENT-0091,CHECKING,MXN,FR,2024-05-19,ACTIVE,164117.42
ACC-000258,CLIENT-0091,MONEY_MARKET,SGD,FR,2022-01-03,ACTIVE,116074.66
ACC-000259,CLIENT-0091,SAVINGS,EUR,FR,2026-01-11,ACTIVE,110974.13
ACC-000260,CLIENT-0092,ESCROW,AUD,AU,2026-03-20,ACTIVE,1791535.03
ACC-000261,CLIENT-0092,TREASURY,AUD,AU,2024-11-11,ACTIVE,987683.46
ACC-000262,CLIENT-0092,CHECKING,USD,AU,2022-05-01,ACTIVE,225294.50
ACC-000263,CLIENT-0093,TREASURY,MXN,MX,2026-06-09,ACTIVE,1918599.12
ACC-000264,CLIENT-0093,ESCROW,USD,MX,2020-11-16,ACTIVE,686408.62
ACC-000265,CLIENT-0094,BROKERAGE,USD,US,2021-06-23,ACTIVE,2090.86
ACC-000266,CLIENT-0095,CHECKING,USD,SG,2023-09-07,ACTIVE,365674.06
ACC-000267,CLIENT-0095,FX,USD,SG,2024-11-29,ACTIVE,308590.36
ACC-000268,CLIENT-0095,OPERATING,SGD,SG,2020-07-14,ACTIVE,491846.65
ACC-000269,CLIENT-0095,ESCROW,USD,SG,2026-03-30,ACTIVE,1910172.26
ACC-000270,CLIENT-0095,SETTLEMENT,USD,SG,2022-05-11,ACTIVE,102738.95
ACC-000271,CLIENT-0096,MONEY_MARKET,JPY,JP,2020-05-11,ACTIVE,124733.65
ACC-000272,CLIENT-0096,SAVINGS,USD,JP,2020-09-30,ACTIVE,160016.09
ACC-000273,CLIENT-0096,CHECKING,JPY,JP,2024-07-21,ACTIVE,78379.13
ACC-000274,CLIENT-0096,CREDIT,USD,JP,2021-08-13,ACTIVE,62094.19
ACC-000275,CLIENT-0096,BROKERAGE,EUR,JP,2024-12-16,ACTIVE,33766.94
ACC-000276,CLIENT-0097,ESCROW,USD,FR,2020-09-07,ACTIVE,35568.96
ACC-000277,CLIENT-0097,SETTLEMENT,EUR,FR,2020-01-03,ACTIVE,888425.26
ACC-000278,CLIENT-0097,OPERATING,EUR,FR,2019-10-17,ACTIVE,379504.00
ACC-000279,CLIENT-0097,TREASURY,EUR,FR,2023-04-09,ACTIVE,1663276.20
ACC-000280,CLIENT-0097,CHECKING,EUR,FR,2021-05-05,ACTIVE,302370.00
ACC-000281,CLIENT-0098,TREASURY,MXN,MX,2025-05-23,ACTIVE,2099814.21
ACC-000282,CLIENT-0098,SETTLEMENT,MXN,MX,2026-06-10,ACTIVE,2486735.94
ACC-000283,CLIENT-0098,ESCROW,USD,MX,2026-01-22,ACTIVE,1091176.49
ACC-000284,CLIENT-0099,OPERATING,GBP,DE,2021-06-14,ACTIVE,1086965.82
ACC-000285,CLIENT-0099,SETTLEMENT,EUR,DE,2023-03-29,ACTIVE,1735608.49
ACC-000286,CLIENT-0099,ESCROW,USD,DE,2025-02-22,SUSPENDED,173484.54
ACC-000287,CLIENT-0099,CHECKING,EUR,DE,2021-11-14,ACTIVE,1820978.90
ACC-000288,CLIENT-0100,TREASURY,EUR,GB,2026-01-27,ACTIVE,1318696.03
ACC-000289,CLIENT-0100,ESCROW,EUR,GB,2026-03-03,ACTIVE,1939036.86
ACC-000290,CLIENT-0101,CREDIT,EUR,FR,2023-12-22,ACTIVE,152532.74
ACC-000291,CLIENT-0102,ESCROW,USD,IN,2023-01-06,INACTIVE,18433.68
ACC-000292,CLIENT-0103,SETTLEMENT,USD,US,2023-03-18,ACTIVE,2172171.57
ACC-000293,CLIENT-0103,CHECKING,USD,US,2025-01-26,ACTIVE,1813921.24
ACC-000294,CLIENT-0103,ESCROW,USD,US,2024-07-29,ACTIVE,1251687.36
ACC-000295,CLIENT-0103,TREASURY,USD,US,2025-07-11,ACTIVE,2343898.11
ACC-000296,CLIENT-0103,FX,USD,US,2023-10-05,ACTIVE,2357368.54
ACC-000297,CLIENT-0104,OPERATING,USD,US,2026-06-07,ACTIVE,395886.16
ACC-000298,CLIENT-0105,MONEY_MARKET,SGD,SG,2026-03-09,ACTIVE,91842.99
ACC-000299,CLIENT-0105,BROKERAGE,SGD,SG,2025-06-15,ACTIVE,115375.05
ACC-000300,CLIENT-0105,CREDIT,USD,SG,2026-05-21,ACTIVE,42884.98
ACC-000301,CLIENT-0106,SETTLEMENT,USD,GB,2025-05-14,ACTIVE,2068654.03
ACC-000302,CLIENT-0106,ESCROW,USD,GB,2025-03-02,ACTIVE,2235171.20
ACC-000303,CLIENT-0106,CHECKING,EUR,GB,2025-05-28,ACTIVE,1641786.50
ACC-000304,CLIENT-0106,FX,GBP,GB,2025-11-08,ACTIVE,95289.99
ACC-000305,CLIENT-0106,OPERATING,GBP,GB,2024-09-29,ACTIVE,1888328.30
ACC-000306,CLIENT-0107,TREASURY,EUR,GB,2022-12-29,ACTIVE,2454944.62
ACC-000307,CLIENT-0107,FX,JPY,GB,2021-07-08,ACTIVE,866459.94
ACC-000308,CLIENT-0107,ESCROW,EUR,GB,2024-04-30,ACTIVE,1641517.12
ACC-000309,CLIENT-0108,OPERATING,AED,CH,2025-03-22,ACTIVE,1484939.08
ACC-000310,CLIENT-0108,FX,USD,CH,2025-10-19,ACTIVE,1459364.40
ACC-000311,CLIENT-0109,SETTLEMENT,USD,IN,2023-02-22,ACTIVE,1056009.89
ACC-000312,CLIENT-0109,FX,INR,IN,2021-05-30,ACTIVE,1056902.05
ACC-000313,CLIENT-0109,OPERATING,USD,IN,2025-05-07,ACTIVE,362865.41
ACC-000314,CLIENT-0109,ESCROW,USD,IN,2026-06-02,ACTIVE,1651600.52
ACC-000315,CLIENT-0109,CHECKING,USD,IN,2021-12-19,ACTIVE,1811732.71
ACC-000316,CLIENT-0110,CHECKING,USD,CA,2025-02-20,ACTIVE,90722.38
ACC-000317,CLIENT-0110,SAVINGS,USD,CA,2026-02-24,ACTIVE,147001.06
ACC-000318,CLIENT-0110,BROKERAGE,USD,CA,2026-04-12,ACTIVE,96609.91
ACC-000319,CLIENT-0110,CREDIT,CAD,CA,2025-02-20,ACTIVE,158528.03
ACC-000320,CLIENT-0110,MONEY_MARKET,CAD,CA,2025-04-05,ACTIVE,137310.33
ACC-000321,CLIENT-0111,MONEY_MARKET,USD,US,2026-01-25,ACTIVE,41242.57
ACC-000322,CLIENT-0111,BROKERAGE,USD,US,2023-04-24,ACTIVE,163444.12
ACC-000323,CLIENT-0112,OPERATING,EUR,AE,2026-03-27,ACTIVE,1191869.34
ACC-000324,CLIENT-0112,ESCROW,USD,AE,2023-12-08,ACTIVE,1195433.57
ACC-000325,CLIENT-0112,TREASURY,USD,AE,2022-07-07,ACTIVE,2438383.76
ACC-000326,CLIENT-0112,FX,USD,AE,2020-07-16,SUSPENDED,356421.81
ACC-000327,CLIENT-0112,CHECKING,EUR,AE,2025-01-10,SUSPENDED,738944.73
ACC-000328,CLIENT-0113,CHECKING,USD,NL,2025-02-22,ACTIVE,819658.30
ACC-000329,CLIENT-0113,FX,USD,NL,2020-12-16,ACTIVE,2224513.64
ACC-000330,CLIENT-0114,ESCROW,AUD,AU,2026-01-25,INACTIVE,14658.24
ACC-000331,CLIENT-0114,TREASURY,AUD,AU,2025-08-28,INACTIVE,7961.88
ACC-000332,CLIENT-0114,FX,USD,AU,2026-06-10,INACTIVE,1418.60
ACC-000333,CLIENT-0114,OPERATING,USD,AU,2025-06-09,INACTIVE,23619.45
ACC-000334,CLIENT-0115,CHECKING,USD,SG,2024-09-18,ACTIVE,35036.84
ACC-000335,CLIENT-0115,CREDIT,USD,SG,2025-03-12,ACTIVE,13610.48
ACC-000336,CLIENT-0115,MONEY_MARKET,USD,SG,2024-08-14,ACTIVE,104270.67
ACC-000337,CLIENT-0115,BROKERAGE,SGD,SG,2024-01-21,ACTIVE,102242.79
ACC-000338,CLIENT-0116,CHECKING,USD,SG,2025-01-10,ACTIVE,178131.18
ACC-000339,CLIENT-0116,MONEY_MARKET,USD,SG,2023-03-20,ACTIVE,39375.20
ACC-000340,CLIENT-0116,CREDIT,SGD,SG,2025-06-27,ACTIVE,133337.41
ACC-000341,CLIENT-0116,BROKERAGE,SGD,SG,2021-08-31,ACTIVE,73826.89
ACC-000342,CLIENT-0117,CHECKING,USD,US,2026-01-18,ACTIVE,1756987.77
ACC-000343,CLIENT-0117,ESCROW,USD,US,2021-01-01,ACTIVE,704350.99
ACC-000344,CLIENT-0117,TREASURY,USD,US,2019-06-04,ACTIVE,289537.00
ACC-000345,CLIENT-0117,OPERATING,USD,US,2023-05-14,ACTIVE,1880151.78
ACC-000346,CLIENT-0117,FX,USD,US,2021-10-11,ACTIVE,984570.77
ACC-000347,CLIENT-0118,SAVINGS,CAD,CA,2019-05-02,INACTIVE,5618.66
ACC-000348,CLIENT-0118,BROKERAGE,USD,CA,2019-03-19,INACTIVE,23267.95
ACC-000349,CLIENT-0118,MONEY_MARKET,USD,CA,2021-01-30,INACTIVE,1453.81
ACC-000350,CLIENT-0119,CHECKING,USD,US,2022-09-10,ACTIVE,128847.32
ACC-000351,CLIENT-0120,ESCROW,CHF,CH,2026-03-17,ACTIVE,700581.38
ACC-000352,CLIENT-0120,TREASURY,CHF,CH,2025-08-13,ACTIVE,1694335.18
ACC-000353,CLIENT-0120,OPERATING,EUR,CH,2022-10-06,ACTIVE,1016292.23
ACC-000354,CLIENT-0120,SETTLEMENT,USD,CH,2021-12-16,ACTIVE,1907988.31
ACC-000355,CLIENT-0121,BROKERAGE,USD,US,2025-10-29,ACTIVE,117753.38
ACC-000356,CLIENT-0121,CHECKING,USD,US,2023-10-20,ACTIVE,43793.87
ACC-000357,CLIENT-0121,MONEY_MARKET,USD,US,2025-08-27,ACTIVE,160732.36
ACC-000358,CLIENT-0121,SAVINGS,USD,US,2022-08-16,ACTIVE,98573.75
ACC-000359,CLIENT-0122,FX,USD,US,2024-12-29,ACTIVE,249226.41
ACC-000360,CLIENT-0122,SETTLEMENT,USD,US,2024-12-10,ACTIVE,1467928.02
ACC-000361,CLIENT-0122,OPERATING,USD,US,2023-02-13,ACTIVE,1013464.70
ACC-000362,CLIENT-0122,TREASURY,USD,US,2026-01-28,ACTIVE,493367.81
ACC-000363,CLIENT-0122,CHECKING,USD,US,2025-04-02,ACTIVE,103869.20
ACC-000364,CLIENT-0123,CHECKING,USD,US,2025-01-07,INACTIVE,24496.66
ACC-000365,CLIENT-0123,TREASURY,INR,US,2025-03-17,INACTIVE,11489.24
ACC-000366,CLIENT-0123,OPERATING,USD,US,2019-07-28,INACTIVE,15943.87
ACC-000367,CLIENT-0123,SETTLEMENT,USD,US,2025-06-29,INACTIVE,22649.29
ACC-000368,CLIENT-0123,FX,USD,US,2026-03-09,INACTIVE,4457.37
ACC-000369,CLIENT-0124,TREASURY,USD,US,2025-10-21,ACTIVE,1090286.08
ACC-000370,CLIENT-0125,SETTLEMENT,EUR,US,2025-01-26,ACTIVE,860392.62
ACC-000371,CLIENT-0125,TREASURY,MXN,US,2023-08-19,ACTIVE,363900.29
ACC-000372,CLIENT-0125,ESCROW,USD,US,2026-03-16,ACTIVE,1622432.08
ACC-000373,CLIENT-0125,CHECKING,USD,US,2023-09-30,ACTIVE,63201.38
ACC-000374,CLIENT-0125,FX,USD,US,2024-03-20,ACTIVE,162001.34
ACC-000375,CLIENT-0126,MONEY_MARKET,CAD,CA,2025-01-30,ACTIVE,146349.15
ACC-000376,CLIENT-0127,OPERATING,USD,US,2024-01-01,ACTIVE,2366434.38
ACC-000377,CLIENT-0127,CHECKING,USD,US,2023-07-07,ACTIVE,348634.01
ACC-000378,CLIENT-0127,SETTLEMENT,EUR,US,2022-01-05,ACTIVE,1438804.00
ACC-000379,CLIENT-0127,TREASURY,USD,US,2025-11-22,ACTIVE,509162.70
ACC-000380,CLIENT-0128,BROKERAGE,USD,US,2024-10-01,ACTIVE,106583.33
ACC-000381,CLIENT-0129,CHECKING,EUR,DE,2019-01-27,ACTIVE,149313.54
ACC-000382,CLIENT-0129,MONEY_MARKET,USD,DE,2023-12-19,ACTIVE,11186.05
ACC-000383,CLIENT-0129,SAVINGS,EUR,DE,2023-02-09,ACTIVE,72487.22
ACC-000384,CLIENT-0129,CREDIT,EUR,DE,2019-05-23,ACTIVE,5943.49
ACC-000385,CLIENT-0130,TREASURY,AUD,GB,2022-11-23,ACTIVE,1556414.15
ACC-000386,CLIENT-0130,SETTLEMENT,USD,GB,2022-07-03,ACTIVE,2410689.43
ACC-000387,CLIENT-0131,OPERATING,EUR,AU,2024-07-13,ACTIVE,2156491.75
ACC-000388,CLIENT-0131,FX,USD,AU,2021-03-08,ACTIVE,2446776.27
ACC-000389,CLIENT-0131,CHECKING,AUD,AU,2022-09-16,ACTIVE,2007836.94
ACC-000390,CLIENT-0131,TREASURY,USD,AU,2023-11-18,ACTIVE,406456.71
ACC-000391,CLIENT-0131,SETTLEMENT,AUD,AU,2023-06-30,ACTIVE,204647.72
ACC-000392,CLIENT-0132,CHECKING,CAD,CA,2023-12-22,ACTIVE,70390.18
ACC-000393,CLIENT-0132,SAVINGS,USD,CA,2025-04-23,ACTIVE,140951.92
ACC-000394,CLIENT-0132,CREDIT,USD,CA,2025-06-28,ACTIVE,53608.93
ACC-000395,CLIENT-0133,CHECKING,USD,US,2025-06-14,ACTIVE,73239.93
ACC-000396,CLIENT-0133,CREDIT,USD,US,2024-09-11,ACTIVE,162176.85
ACC-000397,CLIENT-0134,OPERATING,USD,CH,2023-05-01,ACTIVE,29057.94
ACC-000398,CLIENT-0134,TREASURY,USD,CH,2025-10-16,ACTIVE,1200357.93
ACC-000399,CLIENT-0134,ESCROW,USD,CH,2024-03-23,ACTIVE,129956.26
ACC-000400,CLIENT-0135,CHECKING,USD,CA,2025-01-18,ACTIVE,174312.46
ACC-000401,CLIENT-0135,BROKERAGE,CAD,CA,2019-05-23,ACTIVE,147901.22
ACC-000402,CLIENT-0135,SAVINGS,USD,CA,2024-10-14,ACTIVE,146232.68
ACC-000403,CLIENT-0135,CREDIT,USD,CA,2026-01-15,ACTIVE,159354.37
ACC-000404,CLIENT-0136,FX,CHF,US,2019-11-10,ACTIVE,386823.71
ACC-000405,CLIENT-0136,TREASURY,USD,US,2023-11-21,ACTIVE,1030968.93
ACC-000406,CLIENT-0136,ESCROW,USD,US,2023-12-07,ACTIVE,1429242.51
ACC-000407,CLIENT-0136,SETTLEMENT,USD,US,2021-10-20,ACTIVE,1920544.46
ACC-000408,CLIENT-0137,SETTLEMENT,JPY,JP,2026-02-28,ACTIVE,1734616.34
ACC-000409,CLIENT-0137,ESCROW,USD,JP,2024-04-09,ACTIVE,2083704.24
ACC-000410,CLIENT-0137,CHECKING,JPY,JP,2023-08-01,ACTIVE,1491916.62
ACC-000411,CLIENT-0138,CHECKING,MXN,MX,2023-11-18,ACTIVE,1253745.29
ACC-000412,CLIENT-0138,ESCROW,MXN,MX,2024-08-10,ACTIVE,2071797.98
ACC-000413,CLIENT-0139,SETTLEMENT,INR,IN,2025-06-07,ACTIVE,1473103.21
ACC-000414,CLIENT-0139,CHECKING,EUR,IN,2023-03-10,ACTIVE,1206409.91
ACC-000415,CLIENT-0139,FX,USD,IN,2021-05-03,ACTIVE,728485.90
ACC-000416,CLIENT-0139,ESCROW,INR,IN,2025-04-05,ACTIVE,881031.76
ACC-000417,CLIENT-0139,OPERATING,USD,IN,2021-07-10,ACTIVE,358179.89
ACC-000418,CLIENT-0140,SETTLEMENT,USD,GB,2021-09-15,ACTIVE,1239646.07
ACC-000419,CLIENT-0140,ESCROW,EUR,GB,2023-08-09,ACTIVE,1273229.73
ACC-000420,CLIENT-0141,CHECKING,CAD,CA,2024-11-19,ACTIVE,2489824.17
ACC-000421,CLIENT-0141,OPERATING,CAD,CA,2023-08-03,ACTIVE,79492.47
ACC-000422,CLIENT-0142,SETTLEMENT,JPY,JP,2022-03-02,ACTIVE,716756.39
ACC-000423,CLIENT-0142,ESCROW,USD,JP,2019-11-24,ACTIVE,662399.57
ACC-000424,CLIENT-0142,CHECKING,USD,JP,2020-04-03,ACTIVE,1734851.03
ACC-000425,CLIENT-0142,OPERATING,JPY,JP,2019-03-28,ACTIVE,1330044.14
ACC-000426,CLIENT-0143,OPERATING,USD,DE,2024-09-03,ACTIVE,133456.43
ACC-000427,CLIENT-0143,TREASURY,USD,DE,2022-10-07,ACTIVE,2394278.22
ACC-000428,CLIENT-0143,CHECKING,EUR,DE,2024-11-15,ACTIVE,441142.54
ACC-000429,CLIENT-0144,BROKERAGE,EUR,GB,2023-07-22,ACTIVE,93691.79
ACC-000430,CLIENT-0144,MONEY_MARKET,EUR,GB,2026-01-22,ACTIVE,158472.10
ACC-000431,CLIENT-0145,SETTLEMENT,USD,US,2021-12-14,ACTIVE,208725.58
ACC-000432,CLIENT-0145,OPERATING,USD,US,2024-08-29,ACTIVE,1573866.73
ACC-000433,CLIENT-0145,ESCROW,USD,US,2023-02-11,ACTIVE,1812734.38
ACC-000434,CLIENT-0145,TREASURY,USD,US,2026-03-02,ACTIVE,1710527.84
ACC-000435,CLIENT-0146,FX,CAD,CA,2025-02-09,ACTIVE,799790.36
ACC-000436,CLIENT-0146,OPERATING,CAD,CA,2025-12-22,ACTIVE,1130443.93
ACC-000437,CLIENT-0146,CHECKING,USD,CA,2025-02-26,ACTIVE,1411663.34
ACC-000438,CLIENT-0146,SETTLEMENT,USD,CA,2026-04-08,ACTIVE,753568.51
ACC-000439,CLIENT-0146,TREASURY,USD,CA,2025-07-30,ACTIVE,1730075.83
ACC-000440,CLIENT-0147,SETTLEMENT,USD,DE,2024-10-20,INACTIVE,3265.59
ACC-000441,CLIENT-0147,CHECKING,EUR,DE,2025-02-05,INACTIVE,21215.96
ACC-000442,CLIENT-0147,OPERATING,USD,DE,2023-12-08,INACTIVE,19541.60
ACC-000443,CLIENT-0148,SETTLEMENT,USD,NL,2023-01-03,ACTIVE,1567812.40
ACC-000444,CLIENT-0148,FX,EUR,NL,2025-02-12,ACTIVE,2383598.89
ACC-000445,CLIENT-0148,OPERATING,USD,NL,2025-10-16,ACTIVE,2263581.49
ACC-000446,CLIENT-0148,TREASURY,EUR,NL,2024-03-08,ACTIVE,984130.57
ACC-000447,CLIENT-0148,ESCROW,SGD,NL,2022-09-09,ACTIVE,981562.16
ACC-000448,CLIENT-0149,CHECKING,EUR,DE,2022-05-10,ACTIVE,1007416.66
ACC-000449,CLIENT-0149,SETTLEMENT,USD,DE,2025-08-20,ACTIVE,421428.34
ACC-000450,CLIENT-0149,TREASURY,USD,DE,2024-05-21,SUSPENDED,691398.88
ACC-000451,CLIENT-0150,TREASURY,USD,US,2026-06-28,ACTIVE,1185189.42
ACC-000452,CLIENT-0150,ESCROW,USD,US,2024-01-12,ACTIVE,1311292.76
ACC-000453,CLIENT-0150,CHECKING,USD,US,2022-02-07,ACTIVE,237060.55
ACC-000454,CLIENT-0151,BROKERAGE,USD,US,2025-04-01,INACTIVE,403.11
ACC-000455,CLIENT-0151,SAVINGS,USD,US,2025-06-13,INACTIVE,7727.20
ACC-000456,CLIENT-0152,MONEY_MARKET,INR,IN,2020-06-06,ACTIVE,101312.77
ACC-000457,CLIENT-0152,SAVINGS,USD,IN,2024-08-14,ACTIVE,38514.89
ACC-000458,CLIENT-0152,BROKERAGE,USD,IN,2025-07-10,ACTIVE,73657.82
ACC-000459,CLIENT-0152,CREDIT,USD,IN,2024-10-12,ACTIVE,14516.84
ACC-000460,CLIENT-0153,ESCROW,USD,US,2025-02-09,ACTIVE,2254618.58
ACC-000461,CLIENT-0154,CREDIT,GBP,GB,2024-07-20,ACTIVE,94137.80
ACC-000462,CLIENT-0154,MONEY_MARKET,GBP,GB,2023-12-19,ACTIVE,78416.69
ACC-000463,CLIENT-0154,BROKERAGE,USD,GB,2023-11-11,ACTIVE,28845.48
ACC-000464,CLIENT-0155,CHECKING,JPY,JP,2026-01-02,ACTIVE,1523408.40
ACC-000465,CLIENT-0155,OPERATING,USD,JP,2025-04-24,ACTIVE,2459944.73
ACC-000466,CLIENT-0155,ESCROW,JPY,JP,2025-12-13,ACTIVE,1257933.08
ACC-000467,CLIENT-0155,FX,JPY,JP,2024-11-24,ACTIVE,2098883.92
ACC-000468,CLIENT-0155,TREASURY,JPY,JP,2025-02-19,ACTIVE,770055.29
ACC-000469,CLIENT-0156,FX,USD,US,2026-06-24,INACTIVE,13266.91
ACC-000470,CLIENT-0156,SETTLEMENT,USD,US,2025-01-11,INACTIVE,1482.91
ACC-000471,CLIENT-0156,OPERATING,USD,US,2023-05-14,INACTIVE,22713.67
ACC-000472,CLIENT-0156,CHECKING,USD,US,2024-08-22,INACTIVE,8559.07
ACC-000473,CLIENT-0156,TREASURY,USD,US,2024-11-25,INACTIVE,24928.23
ACC-000474,CLIENT-0157,SETTLEMENT,USD,GB,2024-07-20,ACTIVE,1736532.30
ACC-000475,CLIENT-0157,FX,EUR,GB,2024-01-24,ACTIVE,1736713.52
ACC-000476,CLIENT-0157,CHECKING,GBP,GB,2023-12-18,ACTIVE,95984.19
ACC-000477,CLIENT-0158,OPERATING,EUR,AU,2023-02-16,ACTIVE,2177259.05
ACC-000478,CLIENT-0158,ESCROW,AUD,AU,2021-06-09,ACTIVE,166122.90
ACC-000479,CLIENT-0158,CHECKING,USD,AU,2024-11-20,ACTIVE,1745943.59
ACC-000480,CLIENT-0159,OPERATING,BRL,BR,2022-09-10,ACTIVE,1309046.95
ACC-000481,CLIENT-0159,CHECKING,USD,BR,2021-04-29,ACTIVE,2142024.40
ACC-000482,CLIENT-0160,SAVINGS,CAD,CA,2020-09-06,ACTIVE,7455.65
ACC-000483,CLIENT-0160,CREDIT,USD,CA,2022-02-25,ACTIVE,134248.36
ACC-000484,CLIENT-0160,CHECKING,USD,CA,2021-05-20,ACTIVE,155908.48
ACC-000485,CLIENT-0161,SAVINGS,EUR,NL,2025-10-23,ACTIVE,8271.67
ACC-000486,CLIENT-0161,BROKERAGE,EUR,NL,2024-08-13,ACTIVE,133870.72
ACC-000487,CLIENT-0161,MONEY_MARKET,EUR,NL,2026-02-21,ACTIVE,144351.53
ACC-000488,CLIENT-0162,MONEY_MARKET,USD,DE,2021-01-02,ACTIVE,102969.69
ACC-000489,CLIENT-0162,SAVINGS,EUR,DE,2024-04-04,ACTIVE,175899.97
ACC-000490,CLIENT-0162,BROKERAGE,EUR,DE,2023-10-05,ACTIVE,10095.75
ACC-000491,CLIENT-0162,CREDIT,EUR,DE,2025-08-03,ACTIVE,57093.72
ACC-000492,CLIENT-0162,CHECKING,EUR,DE,2026-03-06,ACTIVE,88156.03
ACC-000493,CLIENT-0163,ESCROW,INR,IN,2026-02-10,INACTIVE,21952.63
ACC-000494,CLIENT-0163,TREASURY,USD,IN,2023-02-23,INACTIVE,738.23
ACC-000495,CLIENT-0164,SETTLEMENT,USD,DE,2025-05-09,ACTIVE,699651.36
ACC-000496,CLIENT-0165,CHECKING,EUR,GB,2021-09-05,ACTIVE,110017.57
ACC-000497,CLIENT-0165,SAVINGS,USD,GB,2023-09-28,ACTIVE,116807.24
ACC-000498,CLIENT-0165,BROKERAGE,USD,GB,2022-04-05,ACTIVE,84602.02
ACC-000499,CLIENT-0165,CREDIT,INR,GB,2024-12-18,ACTIVE,105754.42
ACC-000500,CLIENT-0166,FX,USD,US,2023-05-08,ACTIVE,278446.60
ACC-000501,CLIENT-0166,CHECKING,EUR,US,2023-02-08,ACTIVE,91857.39
ACC-000502,CLIENT-0166,SETTLEMENT,USD,US,2019-07-15,ACTIVE,2102137.05
ACC-000503,CLIENT-0167,CHECKING,EUR,DE,2021-06-16,ACTIVE,888879.97
ACC-000504,CLIENT-0167,OPERATING,USD,DE,2021-01-14,ACTIVE,325340.71
ACC-000505,CLIENT-0167,FX,USD,DE,2025-07-01,ACTIVE,1280438.82
ACC-000506,CLIENT-0167,SETTLEMENT,EUR,DE,2020-06-21,ACTIVE,1776281.04
ACC-000507,CLIENT-0167,TREASURY,USD,DE,2020-07-19,ACTIVE,91962.87
ACC-000508,CLIENT-0168,CHECKING,USD,FR,2024-01-28,ACTIVE,47344.77
ACC-000509,CLIENT-0168,SAVINGS,EUR,FR,2022-02-22,ACTIVE,108898.71
ACC-000510,CLIENT-0168,CREDIT,EUR,FR,2025-07-03,ACTIVE,141944.76
ACC-000511,CLIENT-0168,BROKERAGE,EUR,FR,2021-11-17,ACTIVE,172020.70
ACC-000512,CLIENT-0169,MONEY_MARKET,USD,CA,2025-12-24,ACTIVE,56515.34
ACC-000513,CLIENT-0169,CREDIT,USD,CA,2026-07-10,ACTIVE,15082.76
ACC-000514,CLIENT-0170,FX,USD,US,2024-02-19,ACTIVE,319097.07
ACC-000515,CLIENT-0170,CHECKING,USD,US,2026-04-07,ACTIVE,798541.74
ACC-000516,CLIENT-0170,OPERATING,USD,US,2026-06-20,ACTIVE,1752535.64
ACC-000517,CLIENT-0171,CHECKING,EUR,FR,2024-02-01,ACTIVE,294442.04
ACC-000518,CLIENT-0171,SETTLEMENT,EUR,FR,2023-05-10,ACTIVE,2341790.55
ACC-000519,CLIENT-0172,TREASURY,USD,DE,2024-03-30,ACTIVE,1438046.37
ACC-000520,CLIENT-0172,ESCROW,EUR,DE,2026-02-27,ACTIVE,1353750.91
ACC-000521,CLIENT-0172,FX,USD,DE,2025-10-12,ACTIVE,1828522.80
ACC-000522,CLIENT-0172,OPERATING,EUR,DE,2025-12-21,ACTIVE,169209.12
ACC-000523,CLIENT-0172,SETTLEMENT,USD,DE,2024-04-29,ACTIVE,524186.69
ACC-000524,CLIENT-0173,CREDIT,SGD,SG,2025-02-22,ACTIVE,167743.28
ACC-000525,CLIENT-0173,MONEY_MARKET,SGD,SG,2025-08-19,ACTIVE,75167.07
ACC-000526,CLIENT-0173,CHECKING,AED,SG,2026-02-09,ACTIVE,135177.71
ACC-000527,CLIENT-0174,SETTLEMENT,USD,GB,2023-01-15,ACTIVE,2165014.99
ACC-000528,CLIENT-0174,TREASURY,USD,GB,2023-06-29,ACTIVE,625299.74
ACC-000529,CLIENT-0175,SETTLEMENT,USD,DE,2023-11-02,ACTIVE,1736414.76
ACC-000530,CLIENT-0176,CHECKING,EUR,FR,2025-04-19,ACTIVE,1629719.24
ACC-000531,CLIENT-0177,MONEY_MARKET,USD,US,2024-09-17,ACTIVE,48622.91
ACC-000532,CLIENT-0177,CHECKING,USD,US,2022-10-12,ACTIVE,81701.16
ACC-000533,CLIENT-0177,CREDIT,USD,US,2021-08-17,ACTIVE,85156.04
ACC-000534,CLIENT-0177,SAVINGS,USD,US,2022-05-17,ACTIVE,138356.91
ACC-000535,CLIENT-0178,ESCROW,CAD,CA,2025-03-24,ACTIVE,2313514.68
ACC-000536,CLIENT-0178,TREASURY,CAD,CA,2026-04-07,ACTIVE,100015.60
ACC-000537,CLIENT-0178,SETTLEMENT,CAD,CA,2026-03-26,ACTIVE,1743339.25
ACC-000538,CLIENT-0179,ESCROW,AUD,CA,2025-06-02,ACTIVE,2206211.37
ACC-000539,CLIENT-0179,OPERATING,USD,CA,2023-02-08,ACTIVE,1991106.21
ACC-000540,CLIENT-0179,TREASURY,CAD,CA,2022-10-11,ACTIVE,1855477.05
ACC-000541,CLIENT-0179,CHECKING,CAD,CA,2021-03-30,ACTIVE,1470268.62
ACC-000542,CLIENT-0180,OPERATING,USD,US,2021-12-27,ACTIVE,1147467.60
ACC-000543,CLIENT-0180,ESCROW,USD,US,2023-09-28,ACTIVE,1866231.37
ACC-000544,CLIENT-0180,TREASURY,USD,US,2023-05-10,ACTIVE,352430.01
ACC-000545,CLIENT-0180,SETTLEMENT,USD,US,2023-07-11,ACTIVE,1091661.46
ACC-000546,CLIENT-0181,CREDIT,USD,CA,2024-07-02,ACTIVE,57924.01
ACC-000547,CLIENT-0181,BROKERAGE,CAD,CA,2023-11-13,ACTIVE,165129.93
ACC-000548,CLIENT-0182,TREASURY,USD,AE,2024-02-18,ACTIVE,1255414.71
ACC-000549,CLIENT-0183,SAVINGS,USD,US,2024-10-21,ACTIVE,179726.75
ACC-000550,CLIENT-0183,CREDIT,USD,US,2024-04-25,ACTIVE,121198.53
ACC-000551,CLIENT-0183,BROKERAGE,USD,US,2024-03-06,ACTIVE,126930.75
ACC-000552,CLIENT-0184,CREDIT,USD,GB,2026-06-02,ACTIVE,170870.10
ACC-000553,CLIENT-0184,MONEY_MARKET,EUR,GB,2025-08-14,ACTIVE,112292.81
ACC-000554,CLIENT-0185,CHECKING,EUR,NL,2026-01-20,ACTIVE,2485355.68
ACC-000555,CLIENT-0186,TREASURY,USD,US,2025-01-17,ACTIVE,2246845.24
ACC-000556,CLIENT-0187,MONEY_MARKET,JPY,US,2026-02-04,ACTIVE,157619.94
ACC-000557,CLIENT-0187,BROKERAGE,USD,US,2023-02-02,ACTIVE,153661.21
ACC-000558,CLIENT-0187,CREDIT,USD,US,2020-01-03,ACTIVE,46067.41
ACC-000559,CLIENT-0187,SAVINGS,AED,US,2025-11-18,ACTIVE,61514.41
ACC-000560,CLIENT-0187,CHECKING,USD,US,2023-02-28,ACTIVE,44598.24
ACC-000561,CLIENT-0188,CHECKING,GBP,GB,2025-05-08,ACTIVE,758341.25
ACC-000562,CLIENT-0188,SETTLEMENT,GBP,GB,2024-03-15,SUSPENDED,695478.13
ACC-000563,CLIENT-0188,ESCROW,EUR,GB,2025-02-23,ACTIVE,2176287.47
ACC-000564,CLIENT-0188,FX,EUR,GB,2026-05-06,ACTIVE,2260488.33
ACC-000565,CLIENT-0188,OPERATING,USD,GB,2023-07-27,SUSPENDED,32776.20
ACC-000566,CLIENT-0189,MONEY_MARKET,USD,US,2026-03-05,SUSPENDED,258355.58
ACC-000567,CLIENT-0189,SAVINGS,USD,US,2024-03-19,ACTIVE,156603.38
ACC-000568,CLIENT-0189,CHECKING,USD,US,2024-10-22,SUSPENDED,460541.22
ACC-000569,CLIENT-0190,CHECKING,AUD,CA,2026-03-23,INACTIVE,21692.45
ACC-000570,CLIENT-0191,TREASURY,EUR,GB,2024-09-06,ACTIVE,459871.46
ACC-000571,CLIENT-0192,ESCROW,USD,JP,2025-11-30,ACTIVE,1096353.43
ACC-000572,CLIENT-0193,TREASURY,CHF,CH,2023-04-17,ACTIVE,351234.27
ACC-000573,CLIENT-0194,OPERATING,EUR,GB,2023-12-06,ACTIVE,281056.56
ACC-000574,CLIENT-0194,SETTLEMENT,EUR,GB,2023-12-28,ACTIVE,2439361.55
ACC-000575,CLIENT-0194,CHECKING,EUR,GB,2026-02-24,ACTIVE,407957.70
ACC-000576,CLIENT-0194,ESCROW,USD,GB,2026-02-22,ACTIVE,1847956.39
ACC-000577,CLIENT-0195,CHECKING,USD,US,2025-10-06,ACTIVE,3018.11
ACC-000578,CLIENT-0195,CREDIT,CAD,US,2025-02-28,ACTIVE,103376.84
ACC-000579,CLIENT-0195,BROKERAGE,USD,US,2026-06-07,ACTIVE,93556.09
ACC-000580,CLIENT-0196,FX,USD,US,2024-11-26,ACTIVE,1354442.23
ACC-000581,CLIENT-0196,SETTLEMENT,USD,US,2022-09-30,ACTIVE,786180.21
ACC-000582,CLIENT-0196,CHECKING,USD,US,2021-07-09,ACTIVE,2058980.24
ACC-000583,CLIENT-0196,ESCROW,USD,US,2024-02-11,ACTIVE,2028360.17
ACC-000584,CLIENT-0196,OPERATING,USD,US,2021-05-09,ACTIVE,797483.48
ACC-000585,CLIENT-0197,CHECKING,JPY,JP,2026-05-23,ACTIVE,866755.58
ACC-000586,CLIENT-0197,OPERATING,USD,JP,2025-10-03,ACTIVE,695935.99
ACC-000587,CLIENT-0197,FX,USD,JP,2024-05-22,ACTIVE,1038285.76
ACC-000588,CLIENT-0197,TREASURY,USD,JP,2026-01-19,ACTIVE,2451626.43
ACC-000589,CLIENT-0197,ESCROW,USD,JP,2026-01-09,ACTIVE,971335.98
ACC-000590,CLIENT-0198,BROKERAGE,USD,GB,2025-12-17,ACTIVE,79689.43
ACC-000591,CLIENT-0198,CHECKING,GBP,GB,2025-03-09,ACTIVE,156270.60
ACC-000592,CLIENT-0198,CREDIT,USD,GB,2025-11-03,ACTIVE,15573.06
ACC-000593,CLIENT-0198,MONEY_MARKET,GBP,GB,2025-03-22,ACTIVE,57415.27
ACC-000594,CLIENT-0198,SAVINGS,GBP,GB,2025-06-02,ACTIVE,58683.25
ACC-000595,CLIENT-0199,BROKERAGE,EUR,GB,2023-01-22,ACTIVE,134050.64
ACC-000596,CLIENT-0199,MONEY_MARKET,USD,GB,2024-02-10,ACTIVE,9084.35
ACC-000597,CLIENT-0199,CREDIT,USD,GB,2024-09-09,ACTIVE,92612.25
ACC-000598,CLIENT-0200,BROKERAGE,AUD,AU,2024-02-03,ACTIVE,44542.10
ACC-000599,CLIENT-0200,MONEY_MARKET,USD,AU,2025-04-22,ACTIVE,150142.74
ACC-000600,CLIENT-0200,CHECKING,GBP,AU,2022-09-21,ACTIVE,72113.71
ACC-000601,CLIENT-0200,CREDIT,AUD,AU,2024-02-15,ACTIVE,73199.27
ACC-000602,CLIENT-0201,BROKERAGE,USD,US,2025-11-01,ACTIVE,152253.62
ACC-000603,CLIENT-0201,SAVINGS,USD,US,2023-07-25,ACTIVE,25699.54
ACC-000604,CLIENT-0201,CREDIT,USD,US,2022-05-24,ACTIVE,12373.09
ACC-000605,CLIENT-0201,MONEY_MARKET,USD,US,2022-09-20,ACTIVE,135715.02
ACC-000606,CLIENT-0202,CHECKING,USD,MX,2025-05-05,ACTIVE,1809105.34
ACC-000607,CLIENT-0202,FX,USD,MX,2023-12-25,ACTIVE,1920891.05
ACC-000608,CLIENT-0202,ESCROW,USD,MX,2025-12-27,ACTIVE,2109020.85
ACC-000609,CLIENT-0203,SAVINGS,EUR,DE,2022-10-10,ACTIVE,28180.50
ACC-000610,CLIENT-0203,MONEY_MARKET,EUR,DE,2023-10-07,ACTIVE,137942.98
ACC-000611,CLIENT-0204,BROKERAGE,USD,DE,2026-07-05,ACTIVE,2887.54
ACC-000612,CLIENT-0205,BROKERAGE,USD,BR,2018-04-07,ACTIVE,49767.10
ACC-000613,CLIENT-0205,MONEY_MARKET,USD,BR,2022-06-16,ACTIVE,12109.07
ACC-000614,CLIENT-0206,BROKERAGE,CHF,IN,2021-02-18,ACTIVE,33516.62
ACC-000615,CLIENT-0206,MONEY_MARKET,USD,IN,2023-10-26,ACTIVE,121664.16
ACC-000616,CLIENT-0207,OPERATING,EUR,DE,2020-04-04,ACTIVE,897518.50
ACC-000617,CLIENT-0207,ESCROW,EUR,DE,2023-05-04,ACTIVE,1133972.30
ACC-000618,CLIENT-0208,TREASURY,AED,AE,2024-07-23,ACTIVE,229247.81
ACC-000619,CLIENT-0208,OPERATING,AED,AE,2018-10-03,ACTIVE,131529.77
ACC-000620,CLIENT-0209,CHECKING,USD,CA,2024-11-03,ACTIVE,867197.05
ACC-000621,CLIENT-0209,SETTLEMENT,CAD,CA,2025-07-10,ACTIVE,583350.66
ACC-000622,CLIENT-0209,TREASURY,CAD,CA,2023-08-09,ACTIVE,2030660.12
ACC-000623,CLIENT-0209,ESCROW,USD,CA,2025-04-21,ACTIVE,2239343.72
ACC-000624,CLIENT-0210,FX,MXN,MX,2024-11-15,ACTIVE,524208.09
ACC-000625,CLIENT-0210,OPERATING,MXN,MX,2025-12-14,ACTIVE,2172108.35
ACC-000626,CLIENT-0210,TREASURY,MXN,MX,2024-07-09,ACTIVE,1108640.59
ACC-000627,CLIENT-0210,CHECKING,USD,MX,2024-03-19,ACTIVE,2145862.71
ACC-000628,CLIENT-0211,SETTLEMENT,BRL,US,2025-12-28,ACTIVE,796834.41
ACC-000629,CLIENT-0211,TREASURY,USD,US,2026-05-26,ACTIVE,583773.49
ACC-000630,CLIENT-0212,BROKERAGE,USD,US,2024-12-16,ACTIVE,81358.80
ACC-000631,CLIENT-0212,MONEY_MARKET,USD,US,2024-05-13,ACTIVE,53981.89
ACC-000632,CLIENT-0212,CREDIT,USD,US,2024-08-29,ACTIVE,113492.41
ACC-000633,CLIENT-0212,SAVINGS,USD,US,2025-02-14,ACTIVE,18957.74
ACC-000634,CLIENT-0213,CHECKING,USD,NL,2025-01-12,ACTIVE,2301352.63
ACC-000635,CLIENT-0214,FX,INR,IN,2021-05-10,ACTIVE,1178368.95
ACC-000636,CLIENT-0214,TREASURY,USD,IN,2021-08-29,ACTIVE,1274690.96
ACC-000637,CLIENT-0214,SETTLEMENT,USD,IN,2022-07-28,ACTIVE,2445310.46
ACC-000638,CLIENT-0214,ESCROW,BRL,IN,2020-04-29,ACTIVE,505496.68
ACC-000639,CLIENT-0214,OPERATING,USD,IN,2026-01-20,ACTIVE,1112584.97
ACC-000640,CLIENT-0215,CHECKING,EUR,FR,2026-06-29,INACTIVE,18300.34
ACC-000641,CLIENT-0215,BROKERAGE,EUR,FR,2025-04-10,INACTIVE,14056.66
ACC-000642,CLIENT-0215,MONEY_MARKET,EUR,FR,2026-01-07,INACTIVE,8505.41
ACC-000643,CLIENT-0215,SAVINGS,EUR,FR,2025-11-17,INACTIVE,6538.22
ACC-000644,CLIENT-0215,CREDIT,SGD,FR,2025-06-27,INACTIVE,5911.17
ACC-000645,CLIENT-0216,BROKERAGE,USD,AU,2024-06-05,ACTIVE,144813.07
ACC-000646,CLIENT-0216,SAVINGS,AUD,AU,2019-08-16,ACTIVE,151308.75
ACC-000647,CLIENT-0217,OPERATING,USD,US,2025-09-20,ACTIVE,51645.08
ACC-000648,CLIENT-0218,TREASURY,MXN,MX,2024-10-10,ACTIVE,1517160.12
ACC-000649,CLIENT-0218,ESCROW,MXN,MX,2026-06-03,ACTIVE,2231269.69
ACC-000650,CLIENT-0218,SETTLEMENT,USD,MX,2024-07-02,ACTIVE,245288.11
ACC-000651,CLIENT-0219,FX,USD,US,2026-02-06,ACTIVE,1597016.48
ACC-000652,CLIENT-0219,TREASURY,USD,US,2024-12-21,ACTIVE,1667436.15
ACC-000653,CLIENT-0220,TREASURY,EUR,US,2024-12-21,ACTIVE,1740070.08
ACC-000654,CLIENT-0220,FX,USD,US,2024-11-20,ACTIVE,1023256.71
ACC-000655,CLIENT-0220,ESCROW,USD,US,2025-08-06,ACTIVE,1020943.61
ACC-000656,CLIENT-0220,CHECKING,USD,US,2025-09-19,ACTIVE,1307494.12
ACC-000657,CLIENT-0220,OPERATING,USD,US,2025-03-11,SUSPENDED,589110.08
ACC-000658,CLIENT-0221,OPERATING,EUR,US,2022-06-18,INACTIVE,17332.34
ACC-000659,CLIENT-0221,FX,USD,US,2024-01-16,INACTIVE,22517.19
ACC-000660,CLIENT-0221,ESCROW,USD,US,2022-10-09,INACTIVE,13317.96
ACC-000661,CLIENT-0221,TREASURY,USD,US,2022-09-23,INACTIVE,20638.62
ACC-000662,CLIENT-0222,ESCROW,EUR,NL,2023-08-22,ACTIVE,1015230.55
ACC-000663,CLIENT-0222,SETTLEMENT,EUR,NL,2021-12-03,ACTIVE,266582.20
ACC-000664,CLIENT-0222,CHECKING,USD,NL,2022-01-14,ACTIVE,67487.90
ACC-000665,CLIENT-0222,FX,EUR,NL,2021-06-30,ACTIVE,100842.03
ACC-000666,CLIENT-0222,OPERATING,EUR,NL,2025-12-06,ACTIVE,658936.25
ACC-000667,CLIENT-0223,OPERATING,USD,JP,2025-04-28,ACTIVE,2081937.04
ACC-000668,CLIENT-0224,SAVINGS,USD,GB,2026-04-20,ACTIVE,174839.39
ACC-000669,CLIENT-0224,CREDIT,USD,GB,2023-08-25,SUSPENDED,333180.27
ACC-000670,CLIENT-0224,MONEY_MARKET,EUR,GB,2026-03-29,ACTIVE,84739.51
ACC-000671,CLIENT-0225,OPERATING,AED,AE,2023-05-23,ACTIVE,1254828.05
ACC-000672,CLIENT-0226,ESCROW,USD,US,2023-05-28,INACTIVE,9064.43
ACC-000673,CLIENT-0226,TREASURY,USD,US,2026-01-23,INACTIVE,3712.32
ACC-000674,CLIENT-0226,OPERATING,USD,US,2026-03-17,INACTIVE,19359.25
ACC-000675,CLIENT-0226,SETTLEMENT,USD,US,2022-01-02,INACTIVE,24674.08
ACC-000676,CLIENT-0226,CHECKING,USD,US,2024-11-10,INACTIVE,2109.41
ACC-000677,CLIENT-0227,CREDIT,USD,US,2025-10-13,ACTIVE,52018.48
ACC-000678,CLIENT-0227,MONEY_MARKET,USD,US,2024-05-25,ACTIVE,92149.86
ACC-000679,CLIENT-0228,FX,USD,US,2023-07-23,ACTIVE,1685791.82
ACC-000680,CLIENT-0229,TREASURY,INR,DE,2024-02-11,ACTIVE,501373.40
ACC-000681,CLIENT-0229,FX,USD,DE,2024-02-03,ACTIVE,2286429.85
ACC-000682,CLIENT-0229,OPERATING,EUR,DE,2026-04-10,ACTIVE,87541.32
ACC-000683,CLIENT-0229,ESCROW,EUR,DE,2024-09-27,ACTIVE,1648429.59
ACC-000684,CLIENT-0229,SETTLEMENT,USD,DE,2024-05-10,ACTIVE,1728610.40
ACC-000685,CLIENT-0230,TREASURY,JPY,JP,2025-09-07,ACTIVE,885161.20
ACC-000686,CLIENT-0230,FX,JPY,JP,2025-07-13,ACTIVE,2351730.41
ACC-000687,CLIENT-0230,CHECKING,USD,JP,2024-05-03,ACTIVE,1550571.60
ACC-000688,CLIENT-0230,ESCROW,USD,JP,2022-01-24,ACTIVE,87717.56
ACC-000689,CLIENT-0231,TREASURY,USD,GB,2024-12-14,ACTIVE,2355806.12
ACC-000690,CLIENT-0231,ESCROW,EUR,GB,2026-07-12,ACTIVE,300191.54
ACC-000691,CLIENT-0231,OPERATING,USD,GB,2023-10-30,ACTIVE,311119.63
ACC-000692,CLIENT-0231,CHECKING,EUR,GB,2026-01-29,ACTIVE,856584.25
ACC-000693,CLIENT-0232,FX,USD,DE,2019-11-30,ACTIVE,6627.81
ACC-000694,CLIENT-0232,TREASURY,EUR,DE,2021-08-19,ACTIVE,2155794.13
ACC-000695,CLIENT-0232,ESCROW,USD,DE,2020-11-30,ACTIVE,2205255.55
ACC-000696,CLIENT-0233,ESCROW,AUD,AU,2020-11-13,INACTIVE,6864.01
ACC-000697,CLIENT-0233,OPERATING,USD,AU,2023-07-06,INACTIVE,12185.64
ACC-000698,CLIENT-0233,FX,USD,AU,2025-04-25,INACTIVE,15223.16
ACC-000699,CLIENT-0233,CHECKING,AUD,AU,2022-05-13,INACTIVE,6454.67
ACC-000700,CLIENT-0233,TREASURY,USD,AU,2023-07-25,INACTIVE,13495.18
ACC-000701,CLIENT-0234,TREASURY,EUR,FR,2024-09-18,ACTIVE,252360.45
ACC-000702,CLIENT-0234,FX,EUR,FR,2025-12-25,ACTIVE,423311.68
ACC-000703,CLIENT-0234,ESCROW,EUR,FR,2025-05-27,ACTIVE,1512984.70
ACC-000704,CLIENT-0235,OPERATING,MXN,MX,2024-11-13,ACTIVE,768796.18
ACC-000705,CLIENT-0235,CHECKING,USD,MX,2025-12-09,ACTIVE,1376674.83
ACC-000706,CLIENT-0235,TREASURY,USD,MX,2025-12-20,ACTIVE,1194364.60
ACC-000707,CLIENT-0236,CHECKING,USD,CA,2025-07-06,ACTIVE,29031.05
ACC-000708,CLIENT-0236,SAVINGS,USD,CA,2025-07-25,ACTIVE,112212.47
ACC-000709,CLIENT-0236,MONEY_MARKET,USD,CA,2026-03-25,ACTIVE,120319.47
ACC-000710,CLIENT-0237,OPERATING,USD,CA,2026-01-10,ACTIVE,1332820.70
ACC-000711,CLIENT-0237,CHECKING,CAD,CA,2026-03-22,ACTIVE,2201236.41
ACC-000712,CLIENT-0237,FX,USD,CA,2025-03-03,ACTIVE,2370879.63
ACC-000713,CLIENT-0237,SETTLEMENT,CAD,CA,2025-08-10,ACTIVE,2306434.93
ACC-000714,CLIENT-0238,FX,USD,US,2020-02-12,ACTIVE,1425420.20
ACC-000715,CLIENT-0238,ESCROW,JPY,US,2025-11-29,ACTIVE,2414131.29
ACC-000716,CLIENT-0238,CHECKING,USD,US,2020-11-28,ACTIVE,805131.04
ACC-000717,CLIENT-0238,OPERATING,USD,US,2022-12-02,ACTIVE,2179095.34
ACC-000718,CLIENT-0238,SETTLEMENT,USD,US,2023-05-09,ACTIVE,10315.11
ACC-000719,CLIENT-0239,TREASURY,USD,US,2023-07-19,ACTIVE,1402511.71
ACC-000720,CLIENT-0239,SETTLEMENT,EUR,US,2024-11-21,ACTIVE,657355.77
ACC-000721,CLIENT-0240,SAVINGS,USD,US,2023-11-30,ACTIVE,49673.44
ACC-000722,CLIENT-0240,CREDIT,USD,US,2023-08-27,ACTIVE,10047.33
ACC-000723,CLIENT-0240,MONEY_MARKET,USD,US,2021-01-11,ACTIVE,171792.48
ACC-000724,CLIENT-0240,BROKERAGE,USD,US,2021-02-11,ACTIVE,13071.66
ACC-000725,CLIENT-0240,CHECKING,USD,US,2020-02-13,ACTIVE,67211.23
ACC-000726,CLIENT-0241,CHECKING,USD,CA,2022-02-25,ACTIVE,637734.66
ACC-000727,CLIENT-0241,TREASURY,USD,CA,2026-04-18,ACTIVE,2493436.76
ACC-000728,CLIENT-0242,TREASURY,USD,US,2022-09-27,ACTIVE,1062188.19
ACC-000729,CLIENT-0242,FX,USD,US,2023-12-31,ACTIVE,2413588.44
ACC-000730,CLIENT-0242,ESCROW,USD,US,2025-05-01,ACTIVE,2076141.99
ACC-000731,CLIENT-0243,CHECKING,USD,CH,2026-02-19,ACTIVE,701399.37
ACC-000732,CLIENT-0243,FX,GBP,CH,2025-12-07,ACTIVE,1034478.16
ACC-000733,CLIENT-0243,TREASURY,USD,CH,2026-05-08,ACTIVE,1201208.39
ACC-000734,CLIENT-0243,SETTLEMENT,EUR,CH,2024-07-11,ACTIVE,1948159.32
ACC-000735,CLIENT-0244,MONEY_MARKET,EUR,FR,2025-03-31,ACTIVE,153650.70
ACC-000736,CLIENT-0244,CREDIT,CHF,FR,2025-01-04,ACTIVE,84670.59
ACC-000737,CLIENT-0244,SAVINGS,USD,FR,2025-07-11,ACTIVE,18736.67
ACC-000738,CLIENT-0244,CHECKING,EUR,FR,2024-11-05,ACTIVE,18971.70
ACC-000739,CLIENT-0244,BROKERAGE,EUR,FR,2025-10-19,ACTIVE,137934.97
ACC-000740,CLIENT-0245,TREASURY,EUR,IE,2023-08-29,ACTIVE,1980806.41
ACC-000741,CLIENT-0246,ESCROW,USD,NL,2019-06-24,ACTIVE,1312015.33
ACC-000742,CLIENT-0247,TREASURY,USD,MX,2024-09-26,INACTIVE,2577.73
ACC-000743,CLIENT-0247,SETTLEMENT,MXN,MX,2024-06-13,INACTIVE,7409.87
ACC-000744,CLIENT-0247,CHECKING,MXN,MX,2024-10-05,INACTIVE,23026.84
ACC-000745,CLIENT-0247,FX,MXN,MX,2025-10-30,INACTIVE,17734.82
ACC-000746,CLIENT-0248,FX,GBP,DE,2019-09-30,ACTIVE,1673996.31
ACC-000747,CLIENT-0248,CHECKING,USD,DE,2020-07-11,ACTIVE,394414.92
ACC-000748,CLIENT-0248,ESCROW,INR,DE,2020-05-26,ACTIVE,257750.03
ACC-000749,CLIENT-0249,SETTLEMENT,USD,GB,2025-05-27,ACTIVE,256208.69
ACC-000750,CLIENT-0249,OPERATING,EUR,GB,2025-12-02,ACTIVE,2227709.33
ACC-000751,CLIENT-0249,FX,USD,GB,2026-04-21,ACTIVE,2414422.59
ACC-000752,CLIENT-0249,CHECKING,USD,GB,2024-08-27,ACTIVE,1906311.55
ACC-000753,CLIENT-0250,CHECKING,EUR,FR,2026-03-05,ACTIVE,14684.35
ACC-000754,CLIENT-0250,BROKERAGE,EUR,FR,2022-03-02,ACTIVE,30733.75
ACC-000755,CLIENT-0250,MONEY_MARKET,EUR,FR,2024-11-14,ACTIVE,90014.63
ACC-000756,CLIENT-0251,CHECKING,USD,US,2023-05-21,ACTIVE,75135.01
ACC-000757,CLIENT-0252,BROKERAGE,USD,US,2021-12-24,ACTIVE,114278.49
ACC-000758,CLIENT-0253,ESCROW,JPY,JP,2026-05-12,ACTIVE,2076009.28
ACC-000759,CLIENT-0253,TREASURY,USD,JP,2021-11-01,ACTIVE,1408669.31
ACC-000760,CLIENT-0253,CHECKING,USD,JP,2023-07-30,ACTIVE,1561003.69
ACC-000761,CLIENT-0253,FX,USD,JP,2023-05-29,ACTIVE,1808148.26
ACC-000762,CLIENT-0253,OPERATING,USD,JP,2026-06-22,ACTIVE,1945518.48
ACC-000763,CLIENT-0254,FX,GBP,US,2025-07-10,INACTIVE,24072.37
ACC-000764,CLIENT-0254,CHECKING,USD,US,2026-03-15,INACTIVE,1601.64
ACC-000765,CLIENT-0254,SETTLEMENT,USD,US,2025-09-23,INACTIVE,14777.82
ACC-000766,CLIENT-0255,TREASURY,INR,IN,2021-02-27,ACTIVE,1704343.83
ACC-000767,CLIENT-0255,OPERATING,INR,IN,2026-02-03,ACTIVE,1641910.05
ACC-000768,CLIENT-0255,CHECKING,INR,IN,2026-05-26,ACTIVE,2427910.69
ACC-000769,CLIENT-0255,ESCROW,INR,IN,2021-12-11,ACTIVE,686222.15
ACC-000770,CLIENT-0256,BROKERAGE,EUR,NL,2025-06-08,ACTIVE,170180.90
ACC-000771,CLIENT-0256,SAVINGS,EUR,NL,2025-03-12,ACTIVE,61784.80
ACC-000772,CLIENT-0256,CHECKING,USD,NL,2025-06-18,SUSPENDED,490161.80
ACC-000773,CLIENT-0256,CREDIT,EUR,NL,2026-04-11,SUSPENDED,431538.40
ACC-000774,CLIENT-0257,SETTLEMENT,EUR,FR,2025-11-15,ACTIVE,924404.22
ACC-000775,CLIENT-0258,MONEY_MARKET,USD,US,2025-06-12,SUSPENDED,603704.35
ACC-000776,CLIENT-0259,TREASURY,EUR,FR,2019-11-22,ACTIVE,1448553.38
ACC-000777,CLIENT-0259,FX,EUR,FR,2021-07-21,ACTIVE,672583.72
ACC-000778,CLIENT-0259,SETTLEMENT,EUR,FR,2022-12-27,ACTIVE,2022297.75
ACC-000779,CLIENT-0259,CHECKING,EUR,FR,2024-02-17,ACTIVE,1914779.86
ACC-000780,CLIENT-0260,TREASURY,USD,US,2025-10-23,ACTIVE,718612.09
ACC-000781,CLIENT-0261,SETTLEMENT,GBP,GB,2026-07-03,ACTIVE,115693.21
ACC-000782,CLIENT-0261,FX,BRL,GB,2023-11-28,ACTIVE,2288932.49
ACC-000783,CLIENT-0261,TREASURY,GBP,GB,2023-02-27,ACTIVE,28742.23
ACC-000784,CLIENT-0261,ESCROW,GBP,GB,2023-10-03,ACTIVE,479173.61
ACC-000785,CLIENT-0262,MONEY_MARKET,USD,US,2024-04-14,ACTIVE,57988.53
ACC-000786,CLIENT-0262,BROKERAGE,USD,US,2026-05-20,ACTIVE,12923.42
ACC-000787,CLIENT-0262,CREDIT,USD,US,2025-08-14,ACTIVE,99195.72
ACC-000788,CLIENT-0262,SAVINGS,USD,US,2025-11-20,ACTIVE,172529.55
ACC-000789,CLIENT-0263,CREDIT,USD,NL,2024-05-08,ACTIVE,27507.03
ACC-000790,CLIENT-0263,MONEY_MARKET,EUR,NL,2023-10-23,ACTIVE,18326.30
ACC-000791,CLIENT-0263,SAVINGS,EUR,NL,2021-01-28,ACTIVE,156091.80
ACC-000792,CLIENT-0264,CHECKING,USD,US,2025-01-12,ACTIVE,92140.19
ACC-000793,CLIENT-0265,OPERATING,USD,IN,2025-10-16,INACTIVE,19836.41
ACC-000794,CLIENT-0266,CREDIT,EUR,NL,2023-04-01,ACTIVE,119114.62
ACC-000795,CLIENT-0266,SAVINGS,EUR,NL,2023-09-02,ACTIVE,165418.61
ACC-000796,CLIENT-0266,MONEY_MARKET,EUR,NL,2024-04-14,ACTIVE,160212.49
ACC-000797,CLIENT-0267,CREDIT,USD,US,2024-04-09,INACTIVE,6641.52
ACC-000798,CLIENT-0267,BROKERAGE,USD,US,2026-05-14,INACTIVE,3680.18
ACC-000799,CLIENT-0268,SETTLEMENT,EUR,GB,2025-11-08,ACTIVE,80051.52
ACC-000800,CLIENT-0268,CHECKING,EUR,GB,2023-11-30,ACTIVE,274906.09
ACC-000801,CLIENT-0268,TREASURY,EUR,GB,2026-06-21,ACTIVE,1452031.96
ACC-000802,CLIENT-0269,CHECKING,BRL,AU,2025-06-26,ACTIVE,1423885.02
ACC-000803,CLIENT-0269,FX,AUD,AU,2026-06-25,ACTIVE,1455986.35
ACC-000804,CLIENT-0270,BROKERAGE,USD,CH,2023-09-14,INACTIVE,22788.93
ACC-000805,CLIENT-0270,MONEY_MARKET,EUR,CH,2020-10-12,INACTIVE,21507.42
ACC-000806,CLIENT-0270,CREDIT,CHF,CH,2024-02-14,INACTIVE,19398.89
ACC-000807,CLIENT-0271,SETTLEMENT,GBP,GB,2024-11-03,ACTIVE,334875.28
ACC-000808,CLIENT-0271,CHECKING,USD,GB,2025-09-13,ACTIVE,2098562.15
ACC-000809,CLIENT-0271,TREASURY,USD,GB,2022-10-19,ACTIVE,1091675.58
ACC-000810,CLIENT-0271,OPERATING,EUR,GB,2026-03-13,ACTIVE,53564.25
ACC-000811,CLIENT-0271,ESCROW,USD,GB,2021-12-30,ACTIVE,1745486.05
ACC-000812,CLIENT-0272,TREASURY,EUR,NL,2021-07-06,ACTIVE,1552816.38
ACC-000813,CLIENT-0272,CHECKING,USD,NL,2025-11-26,ACTIVE,1918534.09
ACC-000814,CLIENT-0272,FX,EUR,NL,2021-10-09,ACTIVE,400677.23
ACC-000815,CLIENT-0273,CREDIT,EUR,US,2022-05-27,ACTIVE,37428.47
ACC-000816,CLIENT-0273,SAVINGS,CHF,US,2024-02-27,ACTIVE,75524.34
ACC-000817,CLIENT-0273,MONEY_MARKET,USD,US,2022-01-26,ACTIVE,32078.31
ACC-000818,CLIENT-0273,BROKERAGE,USD,US,2024-09-06,ACTIVE,78961.11
ACC-000819,CLIENT-0274,TREASURY,USD,US,2021-12-08,ACTIVE,966105.29
ACC-000820,CLIENT-0275,FX,USD,DE,2025-11-20,ACTIVE,1492285.99
ACC-000821,CLIENT-0275,CHECKING,EUR,DE,2025-08-09,ACTIVE,268405.53
ACC-000822,CLIENT-0275,OPERATING,USD,DE,2026-02-11,ACTIVE,362617.84
ACC-000823,CLIENT-0275,SETTLEMENT,USD,DE,2026-07-10,ACTIVE,2165362.53
ACC-000824,CLIENT-0275,TREASURY,USD,DE,2025-07-18,ACTIVE,1181191.55
ACC-000825,CLIENT-0276,SETTLEMENT,USD,US,2026-06-30,ACTIVE,1728602.77
ACC-000826,CLIENT-0276,FX,USD,US,2025-06-29,ACTIVE,714970.91
ACC-000827,CLIENT-0277,CHECKING,CAD,MX,2025-09-06,INACTIVE,17667.86
ACC-000828,CLIENT-0278,MONEY_MARKET,EUR,GB,2019-12-26,ACTIVE,30671.56
ACC-000829,CLIENT-0278,SAVINGS,USD,GB,2020-11-03,ACTIVE,114137.70
ACC-000830,CLIENT-0278,BROKERAGE,EUR,GB,2024-12-30,ACTIVE,94472.56
ACC-000831,CLIENT-0279,CHECKING,USD,US,2020-08-02,ACTIVE,2280616.58
ACC-000832,CLIENT-0280,OPERATING,USD,NL,2023-02-19,ACTIVE,2328057.33
ACC-000833,CLIENT-0280,SETTLEMENT,EUR,NL,2022-05-31,ACTIVE,1972199.43
ACC-000834,CLIENT-0281,SETTLEMENT,USD,IN,2025-04-03,ACTIVE,1483408.57
ACC-000835,CLIENT-0282,CHECKING,USD,CH,2022-06-16,ACTIVE,147507.61
ACC-000836,CLIENT-0282,MONEY_MARKET,USD,CH,2022-08-30,ACTIVE,73854.27
ACC-000837,CLIENT-0282,CREDIT,EUR,CH,2024-02-20,ACTIVE,106063.13
ACC-000838,CLIENT-0282,BROKERAGE,EUR,CH,2025-09-22,ACTIVE,58141.17
ACC-000839,CLIENT-0283,CHECKING,GBP,GB,2024-07-26,ACTIVE,56354.85
ACC-000840,CLIENT-0284,ESCROW,USD,US,2025-02-20,ACTIVE,864159.39
ACC-000841,CLIENT-0284,TREASURY,USD,US,2026-01-08,ACTIVE,510429.67
ACC-000842,CLIENT-0284,FX,USD,US,2020-12-25,ACTIVE,1486374.04
ACC-000843,CLIENT-0285,CHECKING,BRL,CH,2025-01-10,ACTIVE,92498.65
ACC-000844,CLIENT-0285,BROKERAGE,EUR,CH,2022-11-29,ACTIVE,7973.03
ACC-000845,CLIENT-0285,CREDIT,CHF,CH,2022-09-13,ACTIVE,74613.25
ACC-000846,CLIENT-0286,SETTLEMENT,USD,CA,2024-08-15,INACTIVE,23602.52
ACC-000847,CLIENT-0286,FX,CAD,CA,2022-03-16,INACTIVE,4051.61
ACC-000848,CLIENT-0286,CHECKING,GBP,CA,2025-12-28,INACTIVE,5579.09
ACC-000849,CLIENT-0286,TREASURY,CAD,CA,2021-01-19,INACTIVE,14017.49
ACC-000850,CLIENT-0287,SAVINGS,USD,JP,2022-11-13,ACTIVE,72028.12
ACC-000851,CLIENT-0288,OPERATING,BRL,BR,2025-12-27,ACTIVE,2258718.37
ACC-000852,CLIENT-0288,ESCROW,USD,BR,2024-11-03,ACTIVE,1742486.69
ACC-000853,CLIENT-0288,CHECKING,USD,BR,2024-01-03,ACTIVE,1233158.63
ACC-000854,CLIENT-0288,TREASURY,EUR,BR,2025-08-24,ACTIVE,495402.71
ACC-000855,CLIENT-0288,FX,BRL,BR,2024-07-01,ACTIVE,374583.92
ACC-000856,CLIENT-0289,SETTLEMENT,AUD,AU,2025-04-02,ACTIVE,569713.48
ACC-000857,CLIENT-0290,CREDIT,EUR,FR,2022-03-01,ACTIVE,70891.04
ACC-000858,CLIENT-0290,CHECKING,EUR,FR,2023-08-10,ACTIVE,145007.29
ACC-000859,CLIENT-0290,MONEY_MARKET,EUR,FR,2022-03-11,ACTIVE,108873.38
ACC-000860,CLIENT-0290,BROKERAGE,EUR,FR,2023-01-06,ACTIVE,93387.00
ACC-000861,CLIENT-0290,SAVINGS,EUR,FR,2019-06-28,ACTIVE,135071.47
ACC-000862,CLIENT-0291,OPERATING,GBP,FR,2022-12-24,ACTIVE,1871960.39
ACC-000863,CLIENT-0291,TREASURY,EUR,FR,2022-11-01,ACTIVE,571103.50
ACC-000864,CLIENT-0291,CHECKING,EUR,FR,2026-02-18,ACTIVE,77349.68
ACC-000865,CLIENT-0291,FX,EUR,FR,2021-03-02,ACTIVE,263771.50
ACC-000866,CLIENT-0292,MONEY_MARKET,EUR,IE,2024-12-09,ACTIVE,1444.96
ACC-000867,CLIENT-0293,CHECKING,CAD,CA,2023-02-17,ACTIVE,5450.49
ACC-000868,CLIENT-0294,ESCROW,EUR,MX,2025-09-15,INACTIVE,18035.31
ACC-000869,CLIENT-0295,CHECKING,GBP,GB,2025-07-28,ACTIVE,745248.25
ACC-000870,CLIENT-0295,TREASURY,GBP,GB,2023-05-11,ACTIVE,923604.22
ACC-000871,CLIENT-0296,SETTLEMENT,EUR,IE,2025-06-13,ACTIVE,1403824.94
ACC-000872,CLIENT-0296,CHECKING,GBP,IE,2024-11-16,ACTIVE,722513.37
ACC-000873,CLIENT-0296,TREASURY,EUR,IE,2024-09-19,ACTIVE,267189.65
ACC-000874,CLIENT-0296,FX,EUR,IE,2026-01-28,ACTIVE,847819.28
ACC-000875,CLIENT-0297,CHECKING,USD,US,2024-06-24,ACTIVE,50606.44
ACC-000876,CLIENT-0297,SETTLEMENT,USD,US,2021-03-05,ACTIVE,1409077.38
ACC-000877,CLIENT-0297,FX,USD,US,2024-10-15,ACTIVE,917071.26
ACC-000878,CLIENT-0297,TREASURY,USD,US,2023-12-17,ACTIVE,741769.09
ACC-000879,CLIENT-0298,BROKERAGE,USD,DE,2026-01-17,ACTIVE,33811.92
ACC-000880,CLIENT-0298,CREDIT,USD,DE,2021-11-15,ACTIVE,91175.64
ACC-000881,CLIENT-0298,MONEY_MARKET,USD,DE,2026-01-19,ACTIVE,40089.54
ACC-000882,CLIENT-0299,FX,USD,NL,2024-04-29,ACTIVE,642388.03
ACC-000883,CLIENT-0299,OPERATING,EUR,NL,2024-05-16,ACTIVE,1951055.27
ACC-000884,CLIENT-0300,CHECKING,USD,DE,2024-03-14,ACTIVE,2019328.53
ACC-000885,CLIENT-0300,OPERATING,USD,DE,2025-05-07,ACTIVE,2262072.91
ACC-000886,CLIENT-0301,TREASURY,JPY,JP,2022-10-15,ACTIVE,423037.52
ACC-000887,CLIENT-0301,ESCROW,USD,JP,2025-07-23,ACTIVE,1903232.42
ACC-000888,CLIENT-0301,SETTLEMENT,USD,JP,2022-11-28,ACTIVE,251284.19
ACC-000889,CLIENT-0302,OPERATING,EUR,NL,2026-05-30,INACTIVE,2555.12
ACC-000890,CLIENT-0303,CHECKING,EUR,MX,2024-01-09,ACTIVE,1632632.88
ACC-000891,CLIENT-0303,ESCROW,MXN,MX,2024-02-06,ACTIVE,1727549.40
ACC-000892,CLIENT-0304,CREDIT,USD,US,2023-05-26,ACTIVE,6130.43
ACC-000893,CLIENT-0304,SAVINGS,USD,US,2025-06-05,ACTIVE,106288.86
ACC-000894,CLIENT-0305,SAVINGS,CAD,CA,2023-08-15,ACTIVE,60302.64
ACC-000895,CLIENT-0305,BROKERAGE,USD,CA,2022-06-12,ACTIVE,4267.95
ACC-000896,CLIENT-0305,CREDIT,USD,CA,2026-02-04,ACTIVE,145166.91
ACC-000897,CLIENT-0305,CHECKING,CAD,CA,2025-07-09,ACTIVE,99637.04
ACC-000898,CLIENT-0305,MONEY_MARKET,CAD,CA,2026-03-26,ACTIVE,149787.47
ACC-000899,CLIENT-0306,BROKERAGE,GBP,GB,2022-05-12,INACTIVE,21043.92
ACC-000900,CLIENT-0306,CREDIT,USD,GB,2023-10-16,INACTIVE,23093.54
ACC-000901,CLIENT-0306,SAVINGS,EUR,GB,2024-10-11,INACTIVE,24597.39
ACC-000902,CLIENT-0306,CHECKING,GBP,GB,2025-03-02,INACTIVE,23243.99
ACC-000903,CLIENT-0306,MONEY_MARKET,EUR,GB,2023-11-14,INACTIVE,5065.93
ACC-000904,CLIENT-0307,OPERATING,USD,CA,2022-03-25,ACTIVE,905926.32
ACC-000905,CLIENT-0307,CHECKING,USD,CA,2021-12-23,ACTIVE,872537.98
ACC-000906,CLIENT-0307,SETTLEMENT,USD,CA,2021-06-12,ACTIVE,263560.85
ACC-000907,CLIENT-0308,TREASURY,USD,DE,2026-04-23,ACTIVE,503089.35
ACC-000908,CLIENT-0308,CHECKING,EUR,DE,2026-03-22,ACTIVE,2166872.32
ACC-000909,CLIENT-0308,SETTLEMENT,CHF,DE,2026-02-05,ACTIVE,1434860.41
ACC-000910,CLIENT-0308,ESCROW,EUR,DE,2024-06-30,ACTIVE,740806.07
ACC-000911,CLIENT-0308,FX,USD,DE,2025-10-19,ACTIVE,133159.81
ACC-000912,CLIENT-0309,FX,USD,BR,2020-05-15,ACTIVE,963833.75
ACC-000913,CLIENT-0309,ESCROW,BRL,BR,2023-09-02,ACTIVE,1234856.45
ACC-000914,CLIENT-0310,CHECKING,USD,US,2023-03-24,ACTIVE,232249.13
ACC-000915,CLIENT-0310,FX,USD,US,2025-08-27,ACTIVE,458555.79
ACC-000916,CLIENT-0311,OPERATING,INR,IN,2025-01-03,ACTIVE,2306139.11
ACC-000917,CLIENT-0311,ESCROW,INR,IN,2024-08-02,ACTIVE,2159083.17
ACC-000918,CLIENT-0311,CHECKING,USD,IN,2025-10-04,ACTIVE,1375117.05
ACC-000919,CLIENT-0311,FX,INR,IN,2026-01-03,ACTIVE,917927.04
ACC-000920,CLIENT-0311,TREASURY,USD,IN,2024-01-23,ACTIVE,1432602.76
ACC-000921,CLIENT-0312,CHECKING,INR,BR,2025-10-09,ACTIVE,1428440.42
ACC-000922,CLIENT-0313,SETTLEMENT,USD,AE,2026-05-30,ACTIVE,2483065.84
ACC-000923,CLIENT-0314,SETTLEMENT,EUR,FR,2026-06-08,ACTIVE,950809.31
ACC-000924,CLIENT-0314,TREASURY,EUR,FR,2024-09-18,ACTIVE,15553.31
ACC-000925,CLIENT-0315,SETTLEMENT,USD,IN,2020-08-31,ACTIVE,1411172.06
ACC-000926,CLIENT-0316,OPERATING,USD,US,2025-04-26,ACTIVE,1142577.88
ACC-000927,CLIENT-0316,FX,USD,US,2023-02-13,ACTIVE,917492.46
ACC-000928,CLIENT-0316,ESCROW,USD,US,2025-08-29,ACTIVE,1557297.93
ACC-000929,CLIENT-0316,TREASURY,USD,US,2021-01-04,ACTIVE,1788871.52
ACC-000930,CLIENT-0317,TREASURY,USD,DE,2025-05-03,ACTIVE,308364.87
ACC-000931,CLIENT-0317,CHECKING,USD,DE,2020-12-06,ACTIVE,2433434.15
ACC-000932,CLIENT-0317,FX,USD,DE,2019-10-26,ACTIVE,1269919.07
ACC-000933,CLIENT-0317,SETTLEMENT,EUR,DE,2020-12-11,ACTIVE,1873569.29
ACC-000934,CLIENT-0318,SETTLEMENT,USD,MX,2026-02-16,ACTIVE,2330659.03
ACC-000935,CLIENT-0319,BROKERAGE,MXN,MX,2024-05-29,ACTIVE,101528.34
ACC-000936,CLIENT-0319,CREDIT,USD,MX,2023-10-05,ACTIVE,20608.46
ACC-000937,CLIENT-0319,MONEY_MARKET,GBP,MX,2023-09-23,ACTIVE,22974.00
ACC-000938,CLIENT-0319,SAVINGS,USD,MX,2023-06-28,ACTIVE,25574.70
ACC-000939,CLIENT-0320,TREASURY,INR,AE,2021-04-25,ACTIVE,53646.85
ACC-000940,CLIENT-0321,FX,USD,US,2021-03-31,ACTIVE,224537.40
ACC-000941,CLIENT-0321,OPERATING,USD,US,2024-07-02,ACTIVE,80268.21
ACC-000942,CLIENT-0321,ESCROW,USD,US,2021-10-16,ACTIVE,1691576.18
ACC-000943,CLIENT-0321,CHECKING,USD,US,2022-04-17,ACTIVE,664000.21
ACC-000944,CLIENT-0321,SETTLEMENT,USD,US,2024-12-14,ACTIVE,643907.90
ACC-000945,CLIENT-0322,BROKERAGE,CHF,CH,2023-07-19,ACTIVE,135355.42
ACC-000946,CLIENT-0322,CHECKING,CHF,CH,2025-08-24,ACTIVE,135084.35
ACC-000947,CLIENT-0323,CHECKING,CHF,CA,2024-11-14,ACTIVE,300970.43
ACC-000948,CLIENT-0323,SETTLEMENT,CAD,CA,2023-03-22,ACTIVE,108645.04
ACC-000949,CLIENT-0323,OPERATING,USD,CA,2022-04-18,ACTIVE,1554692.65
ACC-000950,CLIENT-0323,FX,USD,CA,2024-02-09,ACTIVE,498368.52
ACC-000951,CLIENT-0324,OPERATING,EUR,FR,2024-07-02,INACTIVE,14174.08
ACC-000952,CLIENT-0324,CHECKING,EUR,FR,2023-11-11,INACTIVE,23481.37
ACC-000953,CLIENT-0325,MONEY_MARKET,JPY,JP,2023-09-24,ACTIVE,51399.18
ACC-000954,CLIENT-0325,CHECKING,JPY,JP,2025-12-10,ACTIVE,115007.76
ACC-000955,CLIENT-0325,SAVINGS,USD,JP,2021-05-15,ACTIVE,895.24
ACC-000956,CLIENT-0326,FX,USD,US,2023-04-29,ACTIVE,1553633.75
ACC-000957,CLIENT-0326,CHECKING,USD,US,2018-06-29,ACTIVE,1936563.19
ACC-000958,CLIENT-0326,ESCROW,USD,US,2022-01-04,ACTIVE,1321972.96
ACC-000959,CLIENT-0326,OPERATING,USD,US,2025-03-05,ACTIVE,953802.46
ACC-000960,CLIENT-0326,TREASURY,USD,US,2025-01-06,ACTIVE,1987950.47
ACC-000961,CLIENT-0327,ESCROW,USD,US,2023-03-24,INACTIVE,21514.96
ACC-000962,CLIENT-0327,CHECKING,USD,US,2024-11-13,INACTIVE,424.89
ACC-000963,CLIENT-0327,OPERATING,USD,US,2019-04-05,INACTIVE,8852.54
ACC-000964,CLIENT-0328,TREASURY,USD,US,2025-08-24,ACTIVE,1215531.55
ACC-000965,CLIENT-0328,CHECKING,USD,US,2024-12-21,ACTIVE,1140133.26
ACC-000966,CLIENT-0328,ESCROW,USD,US,2025-03-28,ACTIVE,637339.14
ACC-000967,CLIENT-0329,ESCROW,USD,CA,2019-05-30,ACTIVE,442230.88
ACC-000968,CLIENT-0329,FX,USD,CA,2024-11-05,ACTIVE,113197.48
ACC-000969,CLIENT-0330,FX,EUR,GB,2020-09-17,ACTIVE,242934.64
ACC-000970,CLIENT-0330,ESCROW,GBP,GB,2020-02-27,ACTIVE,260324.70
ACC-000971,CLIENT-0331,ESCROW,USD,US,2026-05-22,ACTIVE,1685181.49
ACC-000972,CLIENT-0332,SETTLEMENT,USD,US,2025-05-25,ACTIVE,584176.56
ACC-000973,CLIENT-0332,TREASURY,USD,US,2024-06-30,ACTIVE,168482.80
ACC-000974,CLIENT-0332,FX,USD,US,2022-12-12,ACTIVE,381495.71
ACC-000975,CLIENT-0333,CHECKING,EUR,GB,2023-05-23,ACTIVE,28811.61
ACC-000976,CLIENT-0333,TREASURY,EUR,GB,2024-08-05,ACTIVE,667752.81
ACC-000977,CLIENT-0334,OPERATING,USD,US,2026-02-09,ACTIVE,1213740.20
ACC-000978,CLIENT-0334,ESCROW,USD,US,2025-08-15,ACTIVE,2333043.97
ACC-000979,CLIENT-0335,BROKERAGE,MXN,MX,2022-10-28,ACTIVE,136269.62
ACC-000980,CLIENT-0336,ESCROW,USD,US,2021-12-07,ACTIVE,2094467.94
ACC-000981,CLIENT-0336,SETTLEMENT,USD,US,2021-07-24,ACTIVE,833579.25
ACC-000982,CLIENT-0336,FX,USD,US,2023-03-30,ACTIVE,1478073.73
ACC-000983,CLIENT-0337,SAVINGS,USD,CA,2024-04-03,ACTIVE,98310.31
ACC-000984,CLIENT-0337,CHECKING,CAD,CA,2026-04-28,ACTIVE,81157.80
ACC-000985,CLIENT-0337,MONEY_MARKET,CAD,CA,2024-08-08,ACTIVE,130363.15
ACC-000986,CLIENT-0338,CREDIT,USD,US,2024-07-07,ACTIVE,51574.20
ACC-000987,CLIENT-0339,SETTLEMENT,EUR,DE,2025-01-31,ACTIVE,348566.21
ACC-000988,CLIENT-0339,ESCROW,EUR,DE,2026-02-20,ACTIVE,2110310.12
ACC-000989,CLIENT-0339,FX,USD,DE,2023-05-29,ACTIVE,88184.59
ACC-000990,CLIENT-0339,OPERATING,USD,DE,2024-09-03,ACTIVE,1950999.22
ACC-000991,CLIENT-0339,TREASURY,USD,DE,2026-04-26,ACTIVE,858771.47
ACC-000992,CLIENT-0340,CHECKING,USD,US,2025-03-10,ACTIVE,161108.02
ACC-000993,CLIENT-0340,BROKERAGE,USD,US,2026-02-28,ACTIVE,84223.75
ACC-000994,CLIENT-0340,SAVINGS,USD,US,2025-06-21,ACTIVE,151276.20
ACC-000995,CLIENT-0340,MONEY_MARKET,USD,US,2024-12-20,ACTIVE,94159.97
ACC-000996,CLIENT-0341,SAVINGS,USD,MX,2024-11-26,INACTIVE,4462.65
ACC-000997,CLIENT-0341,BROKERAGE,MXN,MX,2025-03-20,INACTIVE,5119.30
ACC-000998,CLIENT-0341,CHECKING,USD,MX,2026-01-19,INACTIVE,4776.35
ACC-000999,CLIENT-0341,MONEY_MARKET,USD,MX,2021-06-23,INACTIVE,3185.36
ACC-001000,CLIENT-0341,CREDIT,USD,MX,2026-06-18,INACTIVE,10416.56
ACC-001001,CLIENT-0342,BROKERAGE,EUR,GB,2021-03-28,ACTIVE,26291.17
ACC-001002,CLIENT-0343,OPERATING,CAD,CA,2025-08-03,ACTIVE,622558.30
ACC-001003,CLIENT-0343,SETTLEMENT,USD,CA,2019-07-18,ACTIVE,1928788.34
ACC-001004,CLIENT-0343,CHECKING,USD,CA,2019-01-31,ACTIVE,92922.49
ACC-001005,CLIENT-0343,FX,CAD,CA,2024-11-06,ACTIVE,1193686.58
ACC-001006,CLIENT-0343,ESCROW,USD,CA,2019-09-07,ACTIVE,2367571.07
ACC-001007,CLIENT-0344,CHECKING,GBP,IE,2025-11-07,ACTIVE,1257146.59
ACC-001008,CLIENT-0344,TREASURY,EUR,IE,2026-07-04,ACTIVE,1670785.36
ACC-001009,CLIENT-0345,MONEY_MARKET,USD,US,2024-06-22,ACTIVE,19876.05
ACC-001010,CLIENT-0345,CREDIT,USD,US,2024-12-22,ACTIVE,51756.59
ACC-001011,CLIENT-0345,BROKERAGE,USD,US,2023-03-31,ACTIVE,100419.28
ACC-001012,CLIENT-0346,TREASURY,MXN,AU,2023-06-13,ACTIVE,1515673.06
ACC-001013,CLIENT-0346,FX,USD,AU,2022-05-09,ACTIVE,1026996.70
ACC-001014,CLIENT-0346,OPERATING,AUD,AU,2022-09-03,ACTIVE,1805893.60
ACC-001015,CLIENT-0346,ESCROW,USD,AU,2019-05-03,ACTIVE,355527.23
ACC-001016,CLIENT-0347,OPERATING,USD,IN,2026-03-10,ACTIVE,1592082.99
ACC-001017,CLIENT-0347,FX,INR,IN,2022-03-04,ACTIVE,515359.12
ACC-001018,CLIENT-0347,ESCROW,INR,IN,2024-02-24,ACTIVE,2463133.16
ACC-001019,CLIENT-0348,ESCROW,USD,US,2025-03-16,SUSPENDED,606154.59
ACC-001020,CLIENT-0348,OPERATING,USD,US,2021-06-15,SUSPENDED,527618.65
ACC-001021,CLIENT-0348,TREASURY,USD,US,2022-08-09,SUSPENDED,189121.67
ACC-001022,CLIENT-0349,SETTLEMENT,GBP,US,2026-01-18,ACTIVE,827713.79
ACC-001023,CLIENT-0349,ESCROW,USD,US,2023-02-16,ACTIVE,2138505.88
ACC-001024,CLIENT-0349,OPERATING,USD,US,2023-01-25,ACTIVE,318777.02
ACC-001025,CLIENT-0350,BROKERAGE,USD,US,2023-01-22,ACTIVE,137741.10
ACC-001026,CLIENT-0351,CHECKING,EUR,FR,2025-01-31,ACTIVE,152398.43
ACC-001027,CLIENT-0351,SAVINGS,EUR,FR,2024-12-15,ACTIVE,19277.88
ACC-001028,CLIENT-0351,BROKERAGE,EUR,FR,2024-12-25,ACTIVE,126934.35
ACC-001029,CLIENT-0351,MONEY_MARKET,EUR,FR,2026-05-23,ACTIVE,143426.63
ACC-001030,CLIENT-0351,CREDIT,EUR,FR,2026-03-07,ACTIVE,1040.23
ACC-001031,CLIENT-0352,OPERATING,BRL,BR,2024-12-28,INACTIVE,8358.89
ACC-001032,CLIENT-0352,FX,USD,BR,2025-01-01,INACTIVE,5112.33
ACC-001033,CLIENT-0352,CHECKING,INR,BR,2023-10-23,INACTIVE,21674.15
ACC-001034,CLIENT-0352,ESCROW,BRL,BR,2022-08-02,INACTIVE,15053.21
ACC-001035,CLIENT-0352,TREASURY,USD,BR,2025-11-24,INACTIVE,13353.60
ACC-001036,CLIENT-0353,MONEY_MARKET,USD,IN,2025-04-27,ACTIVE,104892.35
ACC-001037,CLIENT-0353,BROKERAGE,USD,IN,2025-12-07,ACTIVE,167171.62
ACC-001038,CLIENT-0354,SETTLEMENT,EUR,AE,2024-11-24,ACTIVE,2257759.40
ACC-001039,CLIENT-0354,TREASURY,USD,AE,2025-05-05,ACTIVE,2314151.45
ACC-001040,CLIENT-0355,OPERATING,USD,US,2021-11-30,ACTIVE,1693654.50
ACC-001041,CLIENT-0355,CHECKING,USD,US,2024-04-12,ACTIVE,2392913.90
ACC-001042,CLIENT-0355,TREASURY,USD,US,2024-04-10,ACTIVE,686287.97
ACC-001043,CLIENT-0355,ESCROW,USD,US,2026-01-24,ACTIVE,1750187.26
ACC-001044,CLIENT-0356,FX,USD,SG,2023-09-04,ACTIVE,1169845.55
ACC-001045,CLIENT-0356,ESCROW,SGD,SG,2024-10-09,ACTIVE,2141011.24
ACC-001046,CLIENT-0356,SETTLEMENT,SGD,SG,2022-10-14,ACTIVE,2228864.93
ACC-001047,CLIENT-0356,CHECKING,GBP,SG,2021-05-11,ACTIVE,170573.88
ACC-001048,CLIENT-0356,TREASURY,SGD,SG,2023-09-12,ACTIVE,1430896.20
ACC-001049,CLIENT-0357,BROKERAGE,USD,US,2019-07-20,ACTIVE,77501.97
ACC-001050,CLIENT-0357,MONEY_MARKET,USD,US,2024-11-19,ACTIVE,125171.84
ACC-001051,CLIENT-0358,CHECKING,EUR,IE,2024-05-05,ACTIVE,13403.04
ACC-001052,CLIENT-0359,ESCROW,AUD,US,2025-01-25,ACTIVE,1127190.91
ACC-001053,CLIENT-0359,OPERATING,USD,US,2026-01-13,ACTIVE,1964459.32
ACC-001054,CLIENT-0359,CHECKING,USD,US,2024-10-30,ACTIVE,2124867.90
ACC-001055,CLIENT-0360,CHECKING,INR,IN,2025-10-07,ACTIVE,102499.43
ACC-001056,CLIENT-0361,TREASURY,EUR,NL,2023-03-02,ACTIVE,1753091.24
ACC-001057,CLIENT-0361,CHECKING,USD,NL,2026-05-16,ACTIVE,1724964.17
ACC-001058,CLIENT-0362,ESCROW,USD,US,2023-09-24,ACTIVE,1262173.25
ACC-001059,CLIENT-0362,CHECKING,USD,US,2022-11-18,ACTIVE,2277710.91
ACC-001060,CLIENT-0362,OPERATING,USD,US,2024-07-03,ACTIVE,2471100.26
ACC-001061,CLIENT-0362,TREASURY,USD,US,2023-10-06,ACTIVE,1240931.76
ACC-001062,CLIENT-0363,CHECKING,EUR,FR,2026-01-09,ACTIVE,2127680.36
ACC-001063,CLIENT-0364,OPERATING,JPY,JP,2025-02-16,ACTIVE,485202.44
ACC-001064,CLIENT-0364,TREASURY,USD,JP,2025-03-15,ACTIVE,1659922.41
ACC-001065,CLIENT-0365,MONEY_MARKET,CAD,JP,2022-03-12,ACTIVE,105572.33
ACC-001066,CLIENT-0365,BROKERAGE,JPY,JP,2021-11-30,ACTIVE,140400.78
ACC-001067,CLIENT-0365,SAVINGS,JPY,JP,2023-11-18,ACTIVE,50407.10
ACC-001068,CLIENT-0366,TREASURY,USD,NL,2025-08-23,SUSPENDED,616878.39
ACC-001069,CLIENT-0366,SETTLEMENT,EUR,NL,2018-05-10,ACTIVE,1413591.22
ACC-001070,CLIENT-0366,CHECKING,EUR,NL,2019-12-17,ACTIVE,194678.99
ACC-001071,CLIENT-0367,ESCROW,GBP,IE,2023-12-08,ACTIVE,2006308.58
ACC-001072,CLIENT-0367,TREASURY,GBP,IE,2022-02-26,ACTIVE,448116.14
ACC-001073,CLIENT-0368,ESCROW,USD,US,2024-01-26,ACTIVE,1302729.86
ACC-001074,CLIENT-0368,FX,USD,US,2022-01-27,ACTIVE,900498.80
ACC-001075,CLIENT-0368,SETTLEMENT,USD,US,2024-01-21,ACTIVE,1503212.10
ACC-001076,CLIENT-0369,SETTLEMENT,USD,BR,2025-02-11,ACTIVE,777304.60
ACC-001077,CLIENT-0369,CHECKING,USD,BR,2026-04-13,ACTIVE,1344561.99
ACC-001078,CLIENT-0369,FX,USD,BR,2023-06-09,ACTIVE,2119033.49
ACC-001079,CLIENT-0369,ESCROW,USD,BR,2024-12-28,ACTIVE,163207.70
ACC-001080,CLIENT-0370,TREASURY,USD,AU,2025-02-09,ACTIVE,173526.12
ACC-001081,CLIENT-0371,ESCROW,CAD,CA,2024-02-19,ACTIVE,671497.63
ACC-001082,CLIENT-0371,OPERATING,USD,CA,2024-06-14,ACTIVE,2370851.78
ACC-001083,CLIENT-0372,SAVINGS,USD,NL,2022-02-20,ACTIVE,106433.14
ACC-001084,CLIENT-0372,CHECKING,EUR,NL,2026-02-21,ACTIVE,122417.68
ACC-001085,CLIENT-0372,CREDIT,EUR,NL,2025-09-05,ACTIVE,1860.03
ACC-001086,CLIENT-0373,TREASURY,USD,JP,2024-11-11,INACTIVE,8062.46
ACC-001087,CLIENT-0374,MONEY_MARKET,GBP,IE,2025-08-02,ACTIVE,31510.77
ACC-001088,CLIENT-0375,SETTLEMENT,USD,IN,2021-08-01,ACTIVE,650848.82
ACC-001089,CLIENT-0375,TREASURY,USD,IN,2021-08-16,ACTIVE,821231.36
ACC-001090,CLIENT-0375,FX,INR,IN,2024-05-27,ACTIVE,360129.01
ACC-001091,CLIENT-0375,CHECKING,USD,IN,2023-04-10,ACTIVE,111546.88
ACC-001092,CLIENT-0376,ESCROW,EUR,NL,2025-12-16,ACTIVE,470718.52
ACC-001093,CLIENT-0376,FX,EUR,NL,2025-07-28,ACTIVE,1575862.28
ACC-001094,CLIENT-0376,OPERATING,USD,NL,2025-08-24,ACTIVE,108197.32
ACC-001095,CLIENT-0377,OPERATING,AED,AE,2026-01-16,ACTIVE,1460605.65
ACC-001096,CLIENT-0377,CHECKING,AED,AE,2025-04-29,ACTIVE,330208.31
ACC-001097,CLIENT-0378,FX,EUR,SG,2025-12-01,ACTIVE,1916761.19
ACC-001098,CLIENT-0378,TREASURY,USD,SG,2025-11-24,ACTIVE,712640.88
ACC-001099,CLIENT-0378,SETTLEMENT,SGD,SG,2024-10-28,ACTIVE,980877.99
ACC-001100,CLIENT-0378,OPERATING,USD,SG,2024-10-04,ACTIVE,2157854.79
ACC-001101,CLIENT-0379,BROKERAGE,EUR,AE,2023-04-14,ACTIVE,177530.58
ACC-001102,CLIENT-0379,CHECKING,USD,AE,2024-07-23,ACTIVE,36275.81
ACC-001103,CLIENT-0379,CREDIT,USD,AE,2023-08-12,ACTIVE,93907.52
ACC-001104,CLIENT-0379,SAVINGS,EUR,AE,2026-06-30,ACTIVE,118372.22
ACC-001105,CLIENT-0380,SAVINGS,USD,DE,2023-02-02,ACTIVE,97477.87
ACC-001106,CLIENT-0381,ESCROW,CHF,CH,2021-05-08,ACTIVE,704688.67
ACC-001107,CLIENT-0381,CHECKING,EUR,CH,2025-04-10,ACTIVE,1152306.32
ACC-001108,CLIENT-0381,FX,EUR,CH,2022-11-17,ACTIVE,2384869.62
ACC-001109,CLIENT-0381,TREASURY,CHF,CH,2024-10-04,ACTIVE,449855.47
ACC-001110,CLIENT-0382,CHECKING,USD,US,2025-05-06,INACTIVE,3178.40
ACC-001111,CLIENT-0382,ESCROW,USD,US,2025-08-08,INACTIVE,1240.02
ACC-001112,CLIENT-0382,FX,USD,US,2024-12-16,INACTIVE,4675.83
ACC-001113,CLIENT-0383,ESCROW,USD,IN,2022-07-03,ACTIVE,866685.34
ACC-001114,CLIENT-0383,OPERATING,CHF,IN,2020-11-01,ACTIVE,957114.60
ACC-001115,CLIENT-0383,CHECKING,INR,IN,2023-03-28,ACTIVE,176713.08
ACC-001116,CLIENT-0384,CREDIT,EUR,CH,2024-11-24,INACTIVE,13132.38
ACC-001117,CLIENT-0384,CHECKING,USD,CH,2026-02-12,INACTIVE,16275.86
ACC-001118,CLIENT-0384,BROKERAGE,EUR,CH,2025-04-28,INACTIVE,18342.20
ACC-001119,CLIENT-0385,FX,CAD,CA,2021-10-29,INACTIVE,16123.96
ACC-001120,CLIENT-0386,FX,USD,US,2019-04-03,ACTIVE,2480161.99
ACC-001121,CLIENT-0386,TREASURY,USD,US,2023-05-14,ACTIVE,922371.30
ACC-001122,CLIENT-0387,SAVINGS,USD,NL,2022-04-24,ACTIVE,30574.78
ACC-001123,CLIENT-0387,BROKERAGE,EUR,NL,2024-01-10,ACTIVE,120225.09
ACC-001124,CLIENT-0387,MONEY_MARKET,USD,NL,2025-08-09,ACTIVE,86514.20
ACC-001125,CLIENT-0388,TREASURY,EUR,GB,2024-08-21,ACTIVE,1201030.47
ACC-001126,CLIENT-0388,FX,EUR,GB,2024-09-27,ACTIVE,125475.81
ACC-001127,CLIENT-0388,SETTLEMENT,EUR,GB,2024-01-05,ACTIVE,92742.50
ACC-001128,CLIENT-0388,ESCROW,EUR,GB,2024-11-25,ACTIVE,543397.98
ACC-001129,CLIENT-0389,BROKERAGE,USD,US,2023-03-15,INACTIVE,8041.59
ACC-001130,CLIENT-0389,MONEY_MARKET,USD,US,2023-08-23,INACTIVE,15514.61
ACC-001131,CLIENT-0389,CREDIT,USD,US,2023-09-23,INACTIVE,16900.23
ACC-001132,CLIENT-0389,CHECKING,USD,US,2025-05-05,INACTIVE,8732.74
ACC-001133,CLIENT-0390,BROKERAGE,USD,US,2025-06-04,ACTIVE,69944.18
ACC-001134,CLIENT-0390,SAVINGS,USD,US,2026-01-21,ACTIVE,122245.91
ACC-001135,CLIENT-0390,MONEY_MARKET,EUR,US,2025-10-29,ACTIVE,12787.29
ACC-001136,CLIENT-0391,BROKERAGE,USD,US,2022-09-06,ACTIVE,20486.61
ACC-001137,CLIENT-0391,MONEY_MARKET,USD,US,2025-02-20,ACTIVE,163262.35
ACC-001138,CLIENT-0392,FX,USD,US,2026-04-21,ACTIVE,2010428.71
ACC-001139,CLIENT-0392,OPERATING,USD,US,2025-08-17,ACTIVE,303851.16
ACC-001140,CLIENT-0392,SETTLEMENT,GBP,US,2025-10-19,ACTIVE,74352.87
ACC-001141,CLIENT-0392,TREASURY,USD,US,2025-08-21,ACTIVE,2214373.80
ACC-001142,CLIENT-0392,CHECKING,USD,US,2025-10-03,ACTIVE,1711037.51
ACC-001143,CLIENT-0393,TREASURY,USD,US,2023-05-28,ACTIVE,2178868.96
ACC-001144,CLIENT-0393,OPERATING,USD,US,2026-04-09,ACTIVE,521909.88
ACC-001145,CLIENT-0394,CHECKING,CAD,US,2026-01-12,ACTIVE,413366.23
ACC-001146,CLIENT-0394,ESCROW,USD,US,2025-01-27,ACTIVE,119528.97
ACC-001147,CLIENT-0394,FX,USD,US,2024-07-28,ACTIVE,1847567.60
ACC-001148,CLIENT-0394,SETTLEMENT,USD,US,2025-09-26,ACTIVE,16085.78
ACC-001149,CLIENT-0394,OPERATING,USD,US,2025-05-17,ACTIVE,6318.58
ACC-001150,CLIENT-0395,OPERATING,USD,JP,2025-11-22,ACTIVE,728228.51
ACC-001151,CLIENT-0395,SETTLEMENT,USD,JP,2025-08-27,ACTIVE,2296502.32
ACC-001152,CLIENT-0395,TREASURY,USD,JP,2025-08-23,ACTIVE,2147496.05
ACC-001153,CLIENT-0395,FX,USD,JP,2024-11-27,ACTIVE,942991.72
ACC-001154,CLIENT-0395,ESCROW,AED,JP,2026-02-21,ACTIVE,2057286.09
ACC-001155,CLIENT-0396,CHECKING,USD,US,2019-08-22,ACTIVE,675437.50
ACC-001156,CLIENT-0396,SETTLEMENT,USD,US,2021-07-15,ACTIVE,1011782.15
ACC-001157,CLIENT-0396,OPERATING,USD,US,2021-12-23,ACTIVE,2103022.33
ACC-001158,CLIENT-0396,ESCROW,USD,US,2025-01-06,ACTIVE,857750.97
ACC-001159,CLIENT-0397,ESCROW,USD,US,2024-05-08,INACTIVE,6369.55
ACC-001160,CLIENT-0397,SETTLEMENT,USD,US,2025-02-17,INACTIVE,9872.13
ACC-001161,CLIENT-0397,TREASURY,USD,US,2021-03-05,INACTIVE,17935.72
ACC-001162,CLIENT-0397,OPERATING,USD,US,2019-07-13,INACTIVE,10045.14
ACC-001163,CLIENT-0397,FX,USD,US,2023-03-10,INACTIVE,21596.83
ACC-001164,CLIENT-0398,MONEY_MARKET,USD,CA,2024-09-08,ACTIVE,83010.39
ACC-001165,CLIENT-0398,SAVINGS,CAD,CA,2024-08-19,ACTIVE,101446.35
ACC-001166,CLIENT-0399,CREDIT,GBP,GB,2025-12-18,ACTIVE,116549.50
ACC-001167,CLIENT-0399,MONEY_MARKET,EUR,GB,2023-08-04,ACTIVE,82659.81
ACC-001168,CLIENT-0399,SAVINGS,EUR,GB,2024-10-10,ACTIVE,28385.42
ACC-001169,CLIENT-0399,BROKERAGE,EUR,GB,2025-06-14,ACTIVE,71857.18
ACC-001170,CLIENT-0399,CHECKING,GBP,GB,2019-10-15,ACTIVE,66685.96
ACC-001171,CLIENT-0400,SETTLEMENT,USD,BR,2020-12-12,ACTIVE,1236204.73
ACC-001172,CLIENT-0400,TREASURY,USD,BR,2022-10-10,ACTIVE,2496896.71
ACC-001173,CLIENT-0401,CHECKING,EUR,FR,2021-04-16,ACTIVE,121655.08
ACC-001174,CLIENT-0401,BROKERAGE,EUR,FR,2025-09-29,ACTIVE,134603.05
ACC-001175,CLIENT-0401,CREDIT,EUR,FR,2018-03-26,ACTIVE,94590.64
ACC-001176,CLIENT-0401,SAVINGS,EUR,FR,2025-03-10,ACTIVE,169528.40
ACC-001177,CLIENT-0402,FX,EUR,NL,2022-09-06,SUSPENDED,350542.57
ACC-001178,CLIENT-0402,OPERATING,EUR,NL,2025-03-17,ACTIVE,2269768.63
ACC-001179,CLIENT-0402,SETTLEMENT,EUR,NL,2026-06-11,ACTIVE,2056296.40
ACC-001180,CLIENT-0402,CHECKING,EUR,NL,2022-02-03,SUSPENDED,102310.52
ACC-001181,CLIENT-0403,SETTLEMENT,USD,US,2023-02-04,INACTIVE,24452.31
ACC-001182,CLIENT-0403,ESCROW,USD,US,2021-04-02,INACTIVE,21739.06
ACC-001183,CLIENT-0403,TREASURY,USD,US,2018-10-15,INACTIVE,13600.77
ACC-001184,CLIENT-0403,FX,USD,US,2023-07-22,INACTIVE,21715.40
ACC-001185,CLIENT-0403,OPERATING,USD,US,2023-11-19,INACTIVE,17899.29
ACC-001186,CLIENT-0404,SETTLEMENT,USD,US,2024-05-20,INACTIVE,19061.58
ACC-001187,CLIENT-0404,OPERATING,USD,US,2019-01-06,INACTIVE,20289.85
ACC-001188,CLIENT-0405,OPERATING,USD,AU,2019-08-03,ACTIVE,1003794.46
ACC-001189,CLIENT-0405,TREASURY,AUD,AU,2025-04-30,ACTIVE,656379.61
ACC-001190,CLIENT-0405,CHECKING,USD,AU,2026-06-03,ACTIVE,1560741.35
ACC-001191,CLIENT-0406,ESCROW,USD,DE,2026-06-23,ACTIVE,2401348.85
ACC-001192,CLIENT-0406,OPERATING,EUR,DE,2025-09-28,ACTIVE,2238825.74
ACC-001193,CLIENT-0406,TREASURY,EUR,DE,2026-03-20,ACTIVE,156312.55
ACC-001194,CLIENT-0406,SETTLEMENT,EUR,DE,2024-08-20,ACTIVE,2025095.20
ACC-001195,CLIENT-0407,SAVINGS,USD,US,2025-12-16,ACTIVE,141258.59
ACC-001196,CLIENT-0407,CREDIT,USD,US,2026-01-06,ACTIVE,95267.89
ACC-001197,CLIENT-0408,TREASURY,GBP,CH,2024-03-07,INACTIVE,5895.64
ACC-001198,CLIENT-0408,FX,USD,CH,2024-11-29,INACTIVE,12236.81
ACC-001199,CLIENT-0408,CHECKING,EUR,CH,2025-07-30,INACTIVE,2157.98
ACC-001200,CLIENT-0409,ESCROW,USD,MX,2026-04-15,ACTIVE,1900834.74
ACC-001201,CLIENT-0409,SETTLEMENT,MXN,MX,2025-06-28,ACTIVE,2130117.74
ACC-001202,CLIENT-0410,TREASURY,JPY,JP,2026-04-23,ACTIVE,761137.00
ACC-001203,CLIENT-0410,OPERATING,JPY,JP,2025-03-10,ACTIVE,56805.32
ACC-001204,CLIENT-0410,CHECKING,USD,JP,2026-02-21,ACTIVE,1154580.07
ACC-001205,CLIENT-0410,FX,USD,JP,2025-11-27,ACTIVE,507767.02
ACC-001206,CLIENT-0410,SETTLEMENT,USD,JP,2025-09-28,ACTIVE,2387502.74
ACC-001207,CLIENT-0411,TREASURY,MXN,US,2026-01-13,ACTIVE,1555019.64
ACC-001208,CLIENT-0411,SETTLEMENT,USD,US,2025-07-09,ACTIVE,1996987.26
ACC-001209,CLIENT-0411,OPERATING,USD,US,2025-07-09,ACTIVE,406083.97
ACC-001210,CLIENT-0411,CHECKING,USD,US,2026-01-07,ACTIVE,2029095.87
ACC-001211,CLIENT-0412,SAVINGS,SGD,SG,2024-03-24,ACTIVE,62026.87
ACC-001212,CLIENT-0412,BROKERAGE,SGD,SG,2020-08-02,ACTIVE,88051.02
ACC-001213,CLIENT-0412,MONEY_MARKET,USD,SG,2022-09-11,ACTIVE,47444.83
ACC-001214,CLIENT-0412,CREDIT,SGD,SG,2023-03-02,ACTIVE,130022.93
ACC-001215,CLIENT-0413,FX,USD,GB,2022-02-02,ACTIVE,1050919.38
ACC-001216,CLIENT-0413,ESCROW,USD,GB,2022-08-10,ACTIVE,538994.96
ACC-001217,CLIENT-0413,OPERATING,EUR,GB,2022-09-30,ACTIVE,1250800.57
ACC-001218,CLIENT-0413,CHECKING,EUR,GB,2026-07-15,ACTIVE,1397055.58
ACC-001219,CLIENT-0413,TREASURY,GBP,GB,2022-03-26,ACTIVE,2442385.73
ACC-001220,CLIENT-0414,FX,USD,DE,2025-05-25,ACTIVE,2142304.64
ACC-001221,CLIENT-0414,OPERATING,USD,DE,2023-02-01,ACTIVE,1147551.53
ACC-001222,CLIENT-0414,ESCROW,EUR,DE,2025-01-10,ACTIVE,122997.64
ACC-001223,CLIENT-0415,BROKERAGE,USD,BR,2021-03-14,ACTIVE,10271.84
ACC-001224,CLIENT-0415,CREDIT,USD,BR,2022-03-17,ACTIVE,153690.55
ACC-001225,CLIENT-0415,CHECKING,USD,BR,2023-12-13,ACTIVE,45123.16
ACC-001226,CLIENT-0415,SAVINGS,USD,BR,2024-05-22,ACTIVE,168375.09
ACC-001227,CLIENT-0416,ESCROW,USD,CA,2022-09-24,ACTIVE,2375323.41
ACC-001228,CLIENT-0416,SETTLEMENT,USD,CA,2022-07-23,ACTIVE,829784.10
ACC-001229,CLIENT-0416,TREASURY,USD,CA,2019-12-30,ACTIVE,2384087.84
ACC-001230,CLIENT-0416,OPERATING,CAD,CA,2024-08-03,ACTIVE,194143.18
ACC-001231,CLIENT-0417,CHECKING,BRL,JP,2021-07-11,ACTIVE,279692.97
ACC-001232,CLIENT-0417,TREASURY,JPY,JP,2021-11-18,ACTIVE,1195435.70
ACC-001233,CLIENT-0417,FX,JPY,JP,2022-01-14,ACTIVE,1084965.86
ACC-001234,CLIENT-0418,OPERATING,USD,DE,2025-08-14,ACTIVE,377120.06
ACC-001235,CLIENT-0418,CHECKING,EUR,DE,2025-02-17,ACTIVE,690727.61
ACC-001236,CLIENT-0418,TREASURY,USD,DE,2025-05-25,ACTIVE,54094.91
ACC-001237,CLIENT-0418,SETTLEMENT,USD,DE,2024-07-24,ACTIVE,227827.73
ACC-001238,CLIENT-0418,ESCROW,USD,DE,2026-01-05,ACTIVE,756177.05
ACC-001239,CLIENT-0419,TREASURY,USD,JP,2024-06-25,ACTIVE,281703.10
ACC-001240,CLIENT-0419,ESCROW,USD,JP,2018-11-06,ACTIVE,704990.34
ACC-001241,CLIENT-0419,FX,GBP,JP,2019-11-20,ACTIVE,1600017.65
ACC-001242,CLIENT-0420,SETTLEMENT,AUD,AU,2023-03-20,ACTIVE,1303872.70
ACC-001243,CLIENT-0421,ESCROW,EUR,DE,2025-05-06,ACTIVE,1430194.18
ACC-001244,CLIENT-0421,OPERATING,EUR,DE,2025-08-30,ACTIVE,1770635.48
ACC-001245,CLIENT-0421,FX,USD,DE,2025-07-04,ACTIVE,971648.41
ACC-001246,CLIENT-0422,CHECKING,EUR,CH,2023-10-15,INACTIVE,8252.90
ACC-001247,CLIENT-0423,ESCROW,USD,DE,2022-01-14,ACTIVE,564899.84
ACC-001248,CLIENT-0423,OPERATING,EUR,DE,2024-07-21,ACTIVE,589697.78
ACC-001249,CLIENT-0423,FX,EUR,DE,2024-11-28,ACTIVE,989206.74
ACC-001250,CLIENT-0424,CREDIT,AUD,FR,2025-05-12,ACTIVE,22971.26
ACC-001251,CLIENT-0424,MONEY_MARKET,EUR,FR,2024-09-11,ACTIVE,44027.01
ACC-001252,CLIENT-0424,BROKERAGE,USD,FR,2021-12-14,ACTIVE,18834.65
ACC-001253,CLIENT-0425,FX,USD,US,2023-01-30,ACTIVE,291903.61
ACC-001254,CLIENT-0425,CHECKING,USD,US,2024-07-18,ACTIVE,291541.57
ACC-001255,CLIENT-0426,FX,EUR,CH,2021-07-04,ACTIVE,1300382.27
ACC-001256,CLIENT-0426,ESCROW,USD,CH,2024-06-23,ACTIVE,2107419.37
ACC-001257,CLIENT-0426,OPERATING,AUD,CH,2022-12-03,ACTIVE,188072.66
ACC-001258,CLIENT-0427,FX,USD,JP,2025-03-25,ACTIVE,2369555.43
ACC-001259,CLIENT-0427,TREASURY,JPY,JP,2024-11-28,ACTIVE,383580.70
ACC-001260,CLIENT-0427,OPERATING,USD,JP,2024-02-19,ACTIVE,2208933.46
ACC-001261,CLIENT-0427,CHECKING,USD,JP,2024-09-05,ACTIVE,2174456.44
ACC-001262,CLIENT-0427,SETTLEMENT,USD,JP,2024-04-17,ACTIVE,287275.75
ACC-001263,CLIENT-0428,FX,SGD,FR,2022-04-08,ACTIVE,37696.49
ACC-001264,CLIENT-0428,CHECKING,EUR,FR,2024-12-06,ACTIVE,672845.70
ACC-001265,CLIENT-0429,FX,AED,AE,2026-02-02,ACTIVE,535709.69
ACC-001266,CLIENT-0429,OPERATING,AED,AE,2024-02-08,ACTIVE,706656.97
ACC-001267,CLIENT-0429,TREASURY,USD,AE,2024-07-12,ACTIVE,1001634.00
ACC-001268,CLIENT-0430,FX,INR,IN,2024-06-28,ACTIVE,698652.34
ACC-001269,CLIENT-0431,MONEY_MARKET,USD,MX,2024-03-16,ACTIVE,91868.27
ACC-001270,CLIENT-0431,SAVINGS,USD,MX,2023-09-14,ACTIVE,71124.22
ACC-001271,CLIENT-0431,CREDIT,MXN,MX,2026-02-03,ACTIVE,109016.58
ACC-001272,CLIENT-0431,CHECKING,USD,MX,2021-11-25,ACTIVE,24125.23
ACC-001273,CLIENT-0431,BROKERAGE,USD,MX,2024-12-07,ACTIVE,22305.12
ACC-001274,CLIENT-0432,SETTLEMENT,INR,NL,2025-05-23,ACTIVE,319253.86
ACC-001275,CLIENT-0433,OPERATING,EUR,FR,2025-12-10,ACTIVE,2287759.14
ACC-001276,CLIENT-0433,ESCROW,USD,FR,2023-11-13,ACTIVE,2339230.45
ACC-001277,CLIENT-0434,SETTLEMENT,USD,AE,2025-03-15,INACTIVE,13343.22
ACC-001278,CLIENT-0434,CHECKING,USD,AE,2026-06-06,INACTIVE,10163.08
ACC-001279,CLIENT-0434,FX,AED,AE,2023-12-28,INACTIVE,3367.65
ACC-001280,CLIENT-0434,TREASURY,USD,AE,2025-09-08,INACTIVE,8301.98
ACC-001281,CLIENT-0434,OPERATING,AED,AE,2025-07-17,INACTIVE,16021.60
ACC-001282,CLIENT-0435,SAVINGS,SGD,US,2026-01-02,ACTIVE,58497.36
ACC-001283,CLIENT-0435,BROKERAGE,USD,US,2025-05-18,ACTIVE,15517.06
ACC-001284,CLIENT-0435,CREDIT,USD,US,2025-11-09,ACTIVE,169423.02
ACC-001285,CLIENT-0435,CHECKING,USD,US,2025-02-15,ACTIVE,73398.20
ACC-001286,CLIENT-0435,MONEY_MARKET,USD,US,2025-08-15,ACTIVE,134669.49
ACC-001287,CLIENT-0436,FX,USD,BR,2025-11-21,ACTIVE,439263.07
ACC-001288,CLIENT-0436,CHECKING,USD,BR,2025-10-14,ACTIVE,923708.30
ACC-001289,CLIENT-0436,ESCROW,BRL,BR,2025-04-13,ACTIVE,1297462.29
ACC-001290,CLIENT-0436,TREASURY,BRL,BR,2025-01-04,ACTIVE,121143.23
ACC-001291,CLIENT-0437,TREASURY,USD,US,2023-08-17,ACTIVE,313646.25
ACC-001292,CLIENT-0437,CHECKING,USD,US,2025-12-04,ACTIVE,1692933.69
ACC-001293,CLIENT-0438,CHECKING,USD,US,2024-06-18,ACTIVE,1930284.93
ACC-001294,CLIENT-0438,TREASURY,USD,US,2023-12-07,ACTIVE,1834128.61
ACC-001295,CLIENT-0438,FX,USD,US,2023-06-08,ACTIVE,1121982.87
ACC-001296,CLIENT-0439,FX,MXN,US,2024-12-03,ACTIVE,698120.08
ACC-001297,CLIENT-0439,SETTLEMENT,USD,US,2026-07-06,ACTIVE,2191168.53
ACC-001298,CLIENT-0440,MONEY_MARKET,CAD,CA,2025-05-18,ACTIVE,133864.91
ACC-001299,CLIENT-0440,CREDIT,CAD,CA,2025-12-23,ACTIVE,36168.26
ACC-001300,CLIENT-0440,CHECKING,USD,CA,2025-05-05,ACTIVE,130078.04
ACC-001301,CLIENT-0440,SAVINGS,USD,CA,2025-09-12,ACTIVE,35540.68
ACC-001302,CLIENT-0440,BROKERAGE,CAD,CA,2026-04-12,ACTIVE,119769.00
ACC-001303,CLIENT-0441,CREDIT,USD,NL,2024-10-22,ACTIVE,55586.18
ACC-001304,CLIENT-0442,SAVINGS,USD,BR,2020-12-03,ACTIVE,63910.21
ACC-001305,CLIENT-0442,BROKERAGE,BRL,BR,2023-05-05,ACTIVE,137578.22
ACC-001306,CLIENT-0442,CHECKING,USD,BR,2026-01-13,ACTIVE,139403.45
ACC-001307,CLIENT-0442,CREDIT,CAD,BR,2026-05-22,ACTIVE,111894.19
ACC-001308,CLIENT-0443,CREDIT,CAD,CA,2025-01-31,ACTIVE,23148.06
ACC-001309,CLIENT-0444,FX,EUR,IE,2023-08-13,ACTIVE,1946710.49
ACC-001310,CLIENT-0445,TREASURY,USD,US,2025-03-16,SUSPENDED,507296.76
ACC-001311,CLIENT-0445,OPERATING,USD,US,2024-05-15,ACTIVE,2037842.82
ACC-001312,CLIENT-0445,CHECKING,USD,US,2023-12-28,ACTIVE,1587812.59
ACC-001313,CLIENT-0446,ESCROW,USD,SG,2024-11-02,ACTIVE,1143972.41
ACC-001314,CLIENT-0446,CHECKING,USD,SG,2021-01-06,ACTIVE,394469.13
ACC-001315,CLIENT-0446,SETTLEMENT,SGD,SG,2022-02-15,ACTIVE,16110.53
ACC-001316,CLIENT-0446,FX,USD,SG,2022-04-05,ACTIVE,1943763.30
ACC-001317,CLIENT-0447,OPERATING,USD,US,2022-05-26,ACTIVE,957265.19
ACC-001318,CLIENT-0447,SETTLEMENT,USD,US,2024-03-17,ACTIVE,1491887.12
ACC-001319,CLIENT-0448,CHECKING,EUR,FR,2020-02-07,ACTIVE,382757.80
ACC-001320,CLIENT-0448,TREASURY,EUR,FR,2024-01-27,SUSPENDED,693459.75
ACC-001321,CLIENT-0448,FX,EUR,FR,2023-11-26,SUSPENDED,651263.87
ACC-001322,CLIENT-0449,ESCROW,USD,US,2024-06-17,ACTIVE,653492.48
ACC-001323,CLIENT-0449,SETTLEMENT,USD,US,2025-03-28,ACTIVE,1809697.30
ACC-001324,CLIENT-0449,OPERATING,USD,US,2025-07-27,ACTIVE,694996.67
ACC-001325,CLIENT-0449,TREASURY,USD,US,2024-07-12,ACTIVE,858229.75
ACC-001326,CLIENT-0449,CHECKING,USD,US,2026-01-20,ACTIVE,2478274.58
ACC-001327,CLIENT-0450,SETTLEMENT,EUR,FR,2024-12-19,ACTIVE,735264.71
ACC-001328,CLIENT-0450,OPERATING,EUR,FR,2025-05-19,ACTIVE,2453615.11
ACC-001329,CLIENT-0450,CHECKING,EUR,FR,2024-11-21,ACTIVE,959025.37
ACC-001330,CLIENT-0451,SAVINGS,USD,JP,2025-04-27,ACTIVE,34635.63
ACC-001331,CLIENT-0451,MONEY_MARKET,USD,JP,2026-05-03,ACTIVE,148693.29
ACC-001332,CLIENT-0451,BROKERAGE,GBP,JP,2025-12-28,ACTIVE,100052.07
ACC-001333,CLIENT-0451,CHECKING,EUR,JP,2026-04-28,ACTIVE,136545.02
ACC-001334,CLIENT-0451,CREDIT,USD,JP,2025-07-30,ACTIVE,23474.77
ACC-001335,CLIENT-0452,FX,USD,US,2025-09-20,ACTIVE,495771.31
ACC-001336,CLIENT-0452,TREASURY,USD,US,2025-01-22,ACTIVE,1681813.11
ACC-001337,CLIENT-0453,FX,CAD,US,2024-07-18,ACTIVE,1107753.33
ACC-001338,CLIENT-0453,ESCROW,USD,US,2026-01-06,ACTIVE,1544157.47
ACC-001339,CLIENT-0453,SETTLEMENT,USD,US,2022-10-29,ACTIVE,870891.21
ACC-001340,CLIENT-0454,SETTLEMENT,USD,US,2022-03-15,ACTIVE,1465266.33
ACC-001341,CLIENT-0455,SETTLEMENT,SGD,NL,2025-01-12,ACTIVE,1152407.22
ACC-001342,CLIENT-0455,OPERATING,USD,NL,2025-06-08,ACTIVE,1904496.19
ACC-001343,CLIENT-0455,TREASURY,EUR,NL,2023-12-04,ACTIVE,2350509.61
ACC-001344,CLIENT-0455,ESCROW,EUR,NL,2023-09-26,ACTIVE,1009033.62
ACC-001345,CLIENT-0456,TREASURY,USD,BR,2025-04-18,SUSPENDED,113976.47
ACC-001346,CLIENT-0456,OPERATING,USD,BR,2024-08-25,ACTIVE,184450.24
ACC-001347,CLIENT-0456,SETTLEMENT,BRL,BR,2024-03-13,ACTIVE,243421.88
ACC-001348,CLIENT-0456,FX,USD,BR,2024-09-04,SUSPENDED,139025.38
ACC-001349,CLIENT-0456,ESCROW,USD,BR,2023-01-14,ACTIVE,2161834.49
ACC-001350,CLIENT-0457,BROKERAGE,EUR,NL,2025-01-26,ACTIVE,140671.37
ACC-001351,CLIENT-0457,SAVINGS,EUR,NL,2025-04-08,ACTIVE,83710.91
ACC-001352,CLIENT-0457,CHECKING,EUR,NL,2025-08-07,ACTIVE,17912.85
ACC-001353,CLIENT-0458,OPERATING,USD,US,2020-01-15,INACTIVE,19971.88
ACC-001354,CLIENT-0458,SETTLEMENT,USD,US,2023-03-19,INACTIVE,18148.17
ACC-001355,CLIENT-0458,CHECKING,USD,US,2020-03-17,INACTIVE,6833.65
ACC-001356,CLIENT-0459,MONEY_MARKET,USD,CA,2025-02-22,ACTIVE,5275.40
ACC-001357,CLIENT-0460,FX,USD,US,2025-06-08,ACTIVE,874112.23
ACC-001358,CLIENT-0460,SETTLEMENT,USD,US,2024-01-31,ACTIVE,832089.55
ACC-001359,CLIENT-0460,TREASURY,USD,US,2021-04-29,ACTIVE,283259.18
ACC-001360,CLIENT-0461,TREASURY,EUR,NL,2025-04-04,ACTIVE,284083.85
ACC-001361,CLIENT-0461,CHECKING,USD,NL,2026-01-25,ACTIVE,235951.25
ACC-001362,CLIENT-0461,OPERATING,EUR,NL,2024-03-24,ACTIVE,2364842.51
ACC-001363,CLIENT-0462,CHECKING,EUR,FR,2022-02-21,ACTIVE,56773.00
ACC-001364,CLIENT-0462,MONEY_MARKET,EUR,FR,2024-06-28,ACTIVE,179560.00
ACC-001365,CLIENT-0463,MONEY_MARKET,EUR,NL,2024-10-29,ACTIVE,86538.46
ACC-001366,CLIENT-0463,BROKERAGE,EUR,NL,2026-03-14,ACTIVE,96403.52
ACC-001367,CLIENT-0464,TREASURY,USD,DE,2023-11-15,ACTIVE,1270820.47
ACC-001368,CLIENT-0464,SETTLEMENT,USD,DE,2024-11-12,ACTIVE,895557.81
ACC-001369,CLIENT-0464,OPERATING,EUR,DE,2023-08-15,ACTIVE,872141.37
ACC-001370,CLIENT-0464,CHECKING,USD,DE,2020-02-15,ACTIVE,771616.31
ACC-001371,CLIENT-0464,FX,USD,DE,2020-04-01,ACTIVE,643266.80
ACC-001372,CLIENT-0465,CREDIT,USD,IN,2025-05-13,ACTIVE,42337.76
ACC-001373,CLIENT-0465,SAVINGS,USD,IN,2023-07-23,ACTIVE,59807.60
ACC-001374,CLIENT-0465,MONEY_MARKET,USD,IN,2024-03-11,ACTIVE,99050.00
ACC-001375,CLIENT-0465,CHECKING,USD,IN,2023-08-13,ACTIVE,80861.57
ACC-001376,CLIENT-0465,BROKERAGE,INR,IN,2025-11-05,ACTIVE,7994.27
ACC-001377,CLIENT-0466,SETTLEMENT,INR,IN,2022-04-23,ACTIVE,1476708.91
ACC-001378,CLIENT-0466,ESCROW,INR,IN,2025-10-15,ACTIVE,33567.47
ACC-001379,CLIENT-0466,OPERATING,INR,IN,2026-02-18,ACTIVE,354532.44
ACC-001380,CLIENT-0466,TREASURY,INR,IN,2025-09-14,ACTIVE,1552258.33
ACC-001381,CLIENT-0467,MONEY_MARKET,USD,US,2023-05-31,ACTIVE,84179.46
ACC-001382,CLIENT-0467,CREDIT,USD,US,2026-07-13,ACTIVE,17300.82
ACC-001383,CLIENT-0467,SAVINGS,USD,US,2021-05-13,ACTIVE,61426.71
ACC-001384,CLIENT-0467,CHECKING,USD,US,2020-06-10,ACTIVE,152386.38
ACC-001385,CLIENT-0467,BROKERAGE,USD,US,2018-11-15,ACTIVE,32681.06
ACC-001386,CLIENT-0468,MONEY_MARKET,USD,JP,2023-12-24,ACTIVE,2769.26
ACC-001387,CLIENT-0469,CHECKING,USD,NL,2024-11-22,ACTIVE,2012036.35
ACC-001388,CLIENT-0469,FX,USD,NL,2026-01-12,ACTIVE,2079734.62
ACC-001389,CLIENT-0469,TREASURY,EUR,NL,2026-01-12,ACTIVE,1791913.62
ACC-001390,CLIENT-0470,SAVINGS,INR,IN,2024-09-10,ACTIVE,94996.42
ACC-001391,CLIENT-0470,CREDIT,USD,IN,2025-07-25,ACTIVE,4926.85
ACC-001392,CLIENT-0470,BROKERAGE,USD,IN,2022-12-06,ACTIVE,157804.76
ACC-001393,CLIENT-0471,CHECKING,EUR,CH,2026-02-08,INACTIVE,12716.66
ACC-001394,CLIENT-0471,TREASURY,CHF,CH,2023-10-16,INACTIVE,10736.32
ACC-001395,CLIENT-0471,ESCROW,USD,CH,2020-06-10,INACTIVE,19267.08
ACC-001396,CLIENT-0471,OPERATING,EUR,CH,2022-11-20,INACTIVE,8719.54
ACC-001397,CLIENT-0471,SETTLEMENT,USD,CH,2019-07-25,INACTIVE,9078.01
ACC-001398,CLIENT-0472,OPERATING,USD,AU,2022-01-15,ACTIVE,1614635.06
ACC-001399,CLIENT-0473,SETTLEMENT,EUR,NL,2024-12-25,ACTIVE,1146658.16
ACC-001400,CLIENT-0473,ESCROW,EUR,NL,2026-06-26,ACTIVE,656612.50
ACC-001401,CLIENT-0474,ESCROW,CHF,CH,2025-05-24,ACTIVE,1021891.03
ACC-001402,CLIENT-0474,SETTLEMENT,USD,CH,2025-05-31,ACTIVE,1681433.14
ACC-001403,CLIENT-0474,OPERATING,CHF,CH,2025-04-05,ACTIVE,1427585.36
ACC-001404,CLIENT-0474,FX,USD,CH,2025-05-27,ACTIVE,1778859.09
ACC-001405,CLIENT-0475,OPERATING,EUR,GB,2022-06-01,INACTIVE,8507.08
ACC-001406,CLIENT-0475,FX,USD,GB,2025-01-18,INACTIVE,24242.68
ACC-001407,CLIENT-0476,CHECKING,EUR,JP,2023-03-14,ACTIVE,2091775.66
ACC-001408,CLIENT-0476,ESCROW,USD,JP,2023-01-26,ACTIVE,172950.49
ACC-001409,CLIENT-0476,TREASURY,USD,JP,2025-06-10,ACTIVE,1797116.40
ACC-001410,CLIENT-0477,MONEY_MARKET,USD,US,2025-04-09,ACTIVE,31344.08
ACC-001411,CLIENT-0477,CREDIT,USD,US,2025-12-29,ACTIVE,116287.29
ACC-001412,CLIENT-0477,BROKERAGE,USD,US,2025-09-10,ACTIVE,137129.65
ACC-001413,CLIENT-0477,SAVINGS,USD,US,2025-05-17,ACTIVE,91734.04
ACC-001414,CLIENT-0478,TREASURY,CAD,CA,2023-06-30,ACTIVE,1044091.10
ACC-001415,CLIENT-0478,OPERATING,SGD,CA,2025-12-29,ACTIVE,1714930.57
ACC-001416,CLIENT-0478,FX,CAD,CA,2023-10-06,ACTIVE,633280.89
ACC-001417,CLIENT-0478,ESCROW,USD,CA,2025-03-26,ACTIVE,1681122.14
ACC-001418,CLIENT-0478,SETTLEMENT,USD,CA,2024-02-14,ACTIVE,1268112.66
ACC-001419,CLIENT-0479,ESCROW,USD,DE,2026-03-13,ACTIVE,99246.23
ACC-001420,CLIENT-0479,CHECKING,EUR,DE,2026-04-21,ACTIVE,2069979.65
ACC-001421,CLIENT-0479,SETTLEMENT,EUR,DE,2026-06-08,ACTIVE,316695.96
ACC-001422,CLIENT-0480,SAVINGS,USD,DE,2025-08-07,ACTIVE,23596.69
ACC-001423,CLIENT-0480,BROKERAGE,USD,DE,2022-07-19,ACTIVE,175723.73
ACC-001424,CLIENT-0480,CREDIT,MXN,DE,2023-01-07,ACTIVE,110385.36
ACC-001425,CLIENT-0480,CHECKING,USD,DE,2025-04-28,ACTIVE,172337.56
ACC-001426,CLIENT-0480,MONEY_MARKET,USD,DE,2026-01-05,ACTIVE,160509.09
ACC-001427,CLIENT-0481,OPERATING,USD,CA,2023-01-01,ACTIVE,216728.70
ACC-001428,CLIENT-0481,ESCROW,USD,CA,2023-07-02,ACTIVE,29178.70
ACC-001429,CLIENT-0481,SETTLEMENT,CAD,CA,2025-08-14,ACTIVE,2385001.81
ACC-001430,CLIENT-0482,TREASURY,BRL,BR,2026-03-10,ACTIVE,705362.69
ACC-001431,CLIENT-0482,CHECKING,USD,BR,2025-12-10,ACTIVE,1527230.85
ACC-001432,CLIENT-0483,CHECKING,USD,CA,2025-05-19,ACTIVE,176754.34
ACC-001433,CLIENT-0483,MONEY_MARKET,USD,CA,2024-08-15,ACTIVE,99635.62
ACC-001434,CLIENT-0483,BROKERAGE,CAD,CA,2023-08-02,ACTIVE,14947.32
ACC-001435,CLIENT-0483,SAVINGS,CAD,CA,2024-11-28,ACTIVE,114157.67
ACC-001436,CLIENT-0483,CREDIT,USD,CA,2025-10-11,ACTIVE,60693.47
ACC-001437,CLIENT-0484,TREASURY,USD,US,2025-10-14,ACTIVE,1937935.04
ACC-001438,CLIENT-0484,CHECKING,USD,US,2021-10-03,ACTIVE,375040.38
ACC-001439,CLIENT-0485,BROKERAGE,BRL,DE,2026-01-13,ACTIVE,109872.68
ACC-001440,CLIENT-0485,CHECKING,USD,DE,2024-03-05,ACTIVE,71238.79
ACC-001441,CLIENT-0485,SAVINGS,USD,DE,2024-05-23,ACTIVE,37300.80
ACC-001442,CLIENT-0485,MONEY_MARKET,EUR,DE,2026-04-15,ACTIVE,103890.95
ACC-001443,CLIENT-0485,CREDIT,BRL,DE,2025-07-27,ACTIVE,6475.50
ACC-001444,CLIENT-0486,TREASURY,USD,US,2022-04-01,ACTIVE,2265261.17
ACC-001445,CLIENT-0486,ESCROW,USD,US,2024-12-21,ACTIVE,135127.54
ACC-001446,CLIENT-0486,FX,USD,US,2021-09-03,ACTIVE,535645.34
ACC-001447,CLIENT-0486,SETTLEMENT,CHF,US,2022-10-09,ACTIVE,1308213.40
ACC-001448,CLIENT-0487,FX,EUR,SG,2024-05-06,ACTIVE,1253412.88
ACC-001449,CLIENT-0487,OPERATING,USD,SG,2024-07-24,ACTIVE,1556937.00
ACC-001450,CLIENT-0487,ESCROW,USD,SG,2025-04-26,ACTIVE,75248.38
ACC-001451,CLIENT-0488,OPERATING,EUR,US,2025-12-31,ACTIVE,1347830.26
ACC-001452,CLIENT-0488,SETTLEMENT,USD,US,2023-04-08,ACTIVE,2291332.68
ACC-001453,CLIENT-0488,TREASURY,USD,US,2025-07-03,ACTIVE,293933.83
ACC-001454,CLIENT-0488,CHECKING,USD,US,2022-08-21,ACTIVE,1385897.02
ACC-001455,CLIENT-0488,ESCROW,USD,US,2023-09-30,ACTIVE,2325550.64
ACC-001456,CLIENT-0489,OPERATING,GBP,GB,2022-01-05,ACTIVE,1777971.91
ACC-001457,CLIENT-0489,ESCROW,EUR,GB,2024-01-30,ACTIVE,348408.65
ACC-001458,CLIENT-0489,TREASURY,GBP,GB,2026-05-22,ACTIVE,2428527.82
ACC-001459,CLIENT-0489,CHECKING,GBP,GB,2022-10-02,ACTIVE,1158250.39
ACC-001460,CLIENT-0489,SETTLEMENT,AED,GB,2024-09-24,ACTIVE,1695210.61
ACC-001461,CLIENT-0490,SAVINGS,USD,BR,2024-11-26,ACTIVE,156021.42
ACC-001462,CLIENT-0490,CREDIT,BRL,BR,2024-06-07,ACTIVE,122890.64
ACC-001463,CLIENT-0490,CHECKING,BRL,BR,2024-01-03,ACTIVE,130062.94
ACC-001464,CLIENT-0490,BROKERAGE,BRL,BR,2024-08-01,ACTIVE,107896.04
ACC-001465,CLIENT-0490,MONEY_MARKET,BRL,BR,2023-09-03,ACTIVE,140699.09
ACC-001466,CLIENT-0491,ESCROW,USD,BR,2023-12-02,ACTIVE,1410922.88
ACC-001467,CLIENT-0492,ESCROW,USD,CA,2021-04-23,ACTIVE,2139608.10
ACC-001468,CLIENT-0492,OPERATING,CAD,CA,2021-07-08,ACTIVE,1279563.01
ACC-001469,CLIENT-0493,BROKERAGE,USD,US,2024-11-14,ACTIVE,87560.75
ACC-001470,CLIENT-0493,SAVINGS,USD,US,2023-05-28,ACTIVE,68991.97
ACC-001471,CLIENT-0493,MONEY_MARKET,USD,US,2023-02-08,ACTIVE,20317.15
ACC-001472,CLIENT-0493,CHECKING,USD,US,2025-02-18,ACTIVE,52705.01
ACC-001473,CLIENT-0493,CREDIT,USD,US,2022-07-20,ACTIVE,155893.98
ACC-001474,CLIENT-0494,TREASURY,USD,CA,2024-06-25,INACTIVE,6417.22
ACC-001475,CLIENT-0494,OPERATING,EUR,CA,2024-03-15,INACTIVE,4448.22
ACC-001476,CLIENT-0495,CHECKING,USD,US,2025-09-22,INACTIVE,22339.75
ACC-001477,CLIENT-0495,MONEY_MARKET,USD,US,2026-03-22,INACTIVE,17573.82
ACC-001478,CLIENT-0495,BROKERAGE,USD,US,2024-06-23,INACTIVE,23442.63
ACC-001479,CLIENT-0496,TREASURY,USD,US,2023-08-11,ACTIVE,599002.02
ACC-001480,CLIENT-0497,OPERATING,USD,US,2025-12-06,ACTIVE,2306635.91
ACC-001481,CLIENT-0497,FX,USD,US,2026-02-03,ACTIVE,1261801.41
ACC-001482,CLIENT-0498,OPERATING,CAD,DE,2025-04-03,ACTIVE,1802668.08
ACC-001483,CLIENT-0498,ESCROW,EUR,DE,2019-06-27,ACTIVE,2252165.28
ACC-001484,CLIENT-0498,SETTLEMENT,USD,DE,2023-11-21,ACTIVE,539925.02
ACC-001485,CLIENT-0499,ESCROW,USD,JP,2025-01-04,INACTIVE,23008.65
ACC-001486,CLIENT-0500,CREDIT,MXN,MX,2026-04-08,INACTIVE,14297.58
ACC-001487,CLIENT-0500,MONEY_MARKET,MXN,MX,2021-03-23,INACTIVE,15785.58
ACC-001488,CLIENT-0500,CHECKING,MXN,MX,2020-10-19,INACTIVE,11204.25
ACC-001489,CLIENT-0500,SAVINGS,USD,MX,2021-02-07,INACTIVE,14337.71
ACC-001490,CLIENT-0500,BROKERAGE,USD,MX,2020-06-09,INACTIVE,21408.72
