client_id,legal_name
CLIENT-0001,Blue Ridge Capital Partners
CLIENT-0002,Keystone Manufacturing Co
CLIENT-0003,Meridian Software Labs
CLIENT-0004,Pioneer Foods Inc
CLIENT-0005,Meridian Retail Group
CLIENT-0007,Silvergate Construction LLC
CLIENT-0008,Riverstone Agricultural Supply
CLIENT-0010,Riverstone Logistics LLC
CLIENT-0013,Blue Ridge Energy Trading
CLIENT-0014,Cobalt Manufacturing Co
CLIENT-0015,Oakmont Logistics LLC
CLIENT-0018,Redwood Textiles
CLIENT-0020,Pioneer Digital Systems
CLIENT-0021,Riverstone Consulting Group
CLIENT-0023,Ironwood Consulting Group
CLIENT-0025,Riverstone Textiles
CLIENT-0026,Keystone Aviation Services
CLIENT-0027,Keystone Consulting Group
CLIENT-0028,Keystone Energy Trading
CLIENT-0029,Evergreen Aviation Services 29
CLIENT-0030,Juniper Construction LLC
CLIENT-0031,Riverstone Aviation Services
CLIENT-0032,Cobalt Marine Services
CLIENT-0033,Vertex Textiles
CLIENT-0034,Atlas Textiles
CLIENT-0035,Vertex Imports Ltd
CLIENT-0037,Brightline Software Labs
CLIENT-0038,Noble Manufacturing Co
CLIENT-0039,Harbor Software Labs
CLIENT-0040,Noble Retail Group
CLIENT-0042,Clearwater Logistics LLC
CLIENT-0043,Seabrook Aviation Services
CLIENT-0044,Atlas Logistics LLC
CLIENT-0045,Evergreen Digital Systems
CLIENT-0047,Harbor Agricultural Supply
CLIENT-0048,Crescent Insurance Brokers
CLIENT-0049,Clearwater Consulting Group
CLIENT-0050,Keystone Holdings
CLIENT-0051,Silvergate Logistics LLC
CLIENT-0052,Oakmont Energy Trading 52
CLIENT-0053,Silvergate Energy Trading
CLIENT-0055,Vertex Construction LLC
CLIENT-0056,Crescent Software Labs
CLIENT-0059,Granite Metals Trading 59
CLIENT-0062,Pioneer Capital Partners
CLIENT-0064,Cedar Manufacturing Co
CLIENT-0066,Ironwood Retail Group
CLIENT-0067,Summit Retail Group
CLIENT-0068,Cedar Health Partners
CLIENT-0069,Atlas Marine Services 69
CLIENT-0070,Redwood Agricultural Supply
CLIENT-0071,Ironwood Agricultural Supply
CLIENT-0072,Juniper Digital Systems
CLIENT-0074,Lighthouse Retail Group
CLIENT-0075,Seabrook Agricultural Supply
CLIENT-0076,Oakmont Consulting Group
CLIENT-0079,Brightline Imports Ltd
CLIENT-0080,Keystone Software Labs
CLIENT-0081,Meridian Imports Ltd
CLIENT-0083,Seabrook Foods Inc
CLIENT-0084,Aster Foods Inc
CLIENT-0087,Noble Digital Systems 87
CLIENT-0088,Horizon Software Labs
CLIENT-0089,Granite Insurance Brokers
CLIENT-0090,Harbor Holdings
CLIENT-0092,Westbridge Digital Systems
CLIENT-0093,Cedar Retail Group
CLIENT-0095,Westbridge Construction LLC
CLIENT-0097,Aster Health Partners
CLIENT-0098,Evergreen Logistics LLC
CLIENT-0099,Riverstone Digital Systems
CLIENT-0100,Horizon Consulting Group 100
CLIENT-0102,Granite Digital Systems
CLIENT-0103,Riverstone Health Partners
CLIENT-0104,Atlas Consulting Group
CLIENT-0106,Horizon Health Partners
CLIENT-0107,Sterling Textiles
CLIENT-0108,Lighthouse Health Partners
CLIENT-0109,Brightline Health Partners
CLIENT-0112,Meridian Digital Systems
CLIENT-0113,Cedar Imports Ltd
CLIENT-0114,Seabrook Retail Group 114
CLIENT-0117,Summit Manufacturing Co
CLIENT-0119,Vertex Logistics LLC
CLIENT-0120,Sterling Insurance Brokers
CLIENT-0122,Clearwater Holdings
CLIENT-0123,Northstar Aviation Services
CLIENT-0124,Riverstone Marine Services
CLIENT-0125,Cedar Construction LLC 125
CLIENT-0127,Evergreen Marine Services
CLIENT-0130,Aster Holdings 130
CLIENT-0131,Crescent Metals Trading
CLIENT-0134,Cobalt Energy Trading 134
CLIENT-0136,Silvergate Marine Services 136
CLIENT-0137,Oakmont Software Labs
CLIENT-0138,Oakmont Foods Inc
CLIENT-0139,Maple Insurance Brokers
CLIENT-0140,Redwood Construction LLC
CLIENT-0141,Seabrook Insurance Brokers
CLIENT-0142,Lighthouse Textiles
CLIENT-0143,Crescent Capital Partners
CLIENT-0145,Brightline Agricultural Supply 145
CLIENT-0146,Horizon Agricultural Supply
CLIENT-0147,Atlas Agricultural Supply
CLIENT-0148,Granite Imports Ltd
CLIENT-0149,Granite Software Labs
CLIENT-0150,Riverstone Metals Trading
CLIENT-0153,Crescent Holdings
CLIENT-0155,Brightline Manufacturing Co
CLIENT-0156,Horizon Foods Inc 156
CLIENT-0157,Redwood Software Labs
CLIENT-0158,Brightline Construction LLC
CLIENT-0159,Atlas Imports Ltd
CLIENT-0163,Crescent Textiles
CLIENT-0164,Northstar Construction LLC
CLIENT-0166,Lighthouse Agricultural Supply
CLIENT-0167,Summit Energy Trading
CLIENT-0170,Maple Software Labs 170
CLIENT-0171,Horizon Manufacturing Co
CLIENT-0172,Juniper Pharma Group 172
CLIENT-0174,Seabrook Manufacturing Co
CLIENT-0175,Harbor Energy Trading
CLIENT-0176,Clearwater Health Partners
CLIENT-0178,Clearwater Digital Systems
CLIENT-0179,Meridian Metals Trading
CLIENT-0180,Noble Foods Inc 180
CLIENT-0182,Seabrook Marine Services 182
CLIENT-0185,Riverstone Software Labs
CLIENT-0186,Blue Ridge Health Partners
CLIENT-0188,Oakmont Marine Services
CLIENT-0191,Pioneer Marine Services
CLIENT-0192,Cobalt Agricultural Supply 192
CLIENT-0193,Riverstone Holdings 193
CLIENT-0194,Cobalt Digital Systems
CLIENT-0196,Cobalt Capital Partners 196
CLIENT-0197,Pioneer Logistics LLC
CLIENT-0202,Northstar Manufacturing Co
CLIENT-0207,Oakmont Capital Partners
CLIENT-0208,Seabrook Textiles 208
CLIENT-0209,Riverstone Construction LLC
CLIENT-0210,Cedar Aviation Services
CLIENT-0211,Redwood Marine Services
CLIENT-0213,Aster Consulting Group
CLIENT-0214,Redwood Aviation Services
CLIENT-0217,Westbridge Holdings 217
CLIENT-0218,Harbor Logistics LLC
CLIENT-0219,Horizon Retail Group
CLIENT-0220,Sterling Holdings
CLIENT-0221,Atlas Health Partners
CLIENT-0222,Juniper Imports Ltd
CLIENT-0223,Pioneer Aviation Services 223
CLIENT-0225,Redwood Logistics LLC
CLIENT-0226,Cedar Digital Systems
CLIENT-0228,Westbridge Health Partners
CLIENT-0229,Horizon Logistics LLC
CLIENT-0230,Blue Ridge Software Labs
CLIENT-0231,Aster Holdings
CLIENT-0232,Summit Textiles
CLIENT-0233,Vertex Metals Trading
CLIENT-0234,Cobalt Retail Group 234
CLIENT-0235,Silvergate Digital Systems
CLIENT-0237,Summit Logistics LLC
CLIENT-0238,Harbor Textiles
CLIENT-0239,Maple Consulting Group
CLIENT-0241,Juniper Insurance Brokers
CLIENT-0242,Clearwater Construction LLC
CLIENT-0243,Redwood Energy Trading
CLIENT-0245,Aster Software Labs
CLIENT-0246,Pioneer Insurance Brokers 246
CLIENT-0247,Ironwood Digital Systems
CLIENT-0248,Cedar Agricultural Supply
CLIENT-0249,Evergreen Agricultural Supply
CLIENT-0253,Noble Energy Trading
CLIENT-0254,Brightline Agricultural Supply
CLIENT-0255,Westbridge Agricultural Supply
CLIENT-0257,Clearwater Retail Group
CLIENT-0259,Sterling Consulting Group
CLIENT-0260,Blue Ridge Insurance Brokers 260
CLIENT-0261,Sterling Agricultural Supply
CLIENT-0265,Cedar Consulting Group
CLIENT-0268,Redwood Capital Partners
CLIENT-0269,Vertex Capital Partners
CLIENT-0271,Atlas Aviation Services
CLIENT-0272,Atlas Software Labs
CLIENT-0274,Oakmont Construction LLC
CLIENT-0275,Vertex Capital Partners 275
CLIENT-0276,Sterling Aviation Services 276
CLIENT-0279,Blue Ridge Agricultural Supply
CLIENT-0280,Vertex Logistics LLC 280
CLIENT-0281,Keystone Logistics LLC
CLIENT-0283,Sterling Digital Systems
CLIENT-0284,Maple Logistics LLC 284
CLIENT-0286,Blue Ridge Logistics LLC
CLIENT-0288,Blue Ridge Metals Trading
CLIENT-0289,Crescent Construction LLC 289
CLIENT-0291,Crescent Digital Systems
CLIENT-0294,Noble Digital Systems 294
CLIENT-0295,Cobalt Metals Trading
CLIENT-0296,Pioneer Consulting Group 296
CLIENT-0297,Pioneer Imports Ltd
CLIENT-0299,Pioneer Software Labs
CLIENT-0300,Maple Capital Partners
CLIENT-0301,Harbor Marine Services
CLIENT-0302,Aster Textiles
CLIENT-0303,Juniper Health Partners 303
CLIENT-0307,Evergreen Holdings
CLIENT-0308,Blue Ridge Insurance Brokers
CLIENT-0309,Northstar Capital Partners
CLIENT-0310,Vertex Textiles 310
CLIENT-0311,Aster Health Partners 311
CLIENT-0312,Northstar Agricultural Supply
CLIENT-0313,Atlas Insurance Brokers
CLIENT-0314,Westbridge Imports Ltd
CLIENT-0315,Riverstone Retail Group
CLIENT-0316,Evergreen Aviation Services
CLIENT-0317,Meridian Aviation Services
CLIENT-0318,Pioneer Holdings 318
CLIENT-0320,Lighthouse Energy Trading
CLIENT-0321,Keystone Digital Systems
CLIENT-0323,Maple Agricultural Supply 323
CLIENT-0324,Sterling Construction LLC
CLIENT-0326,Cobalt Insurance Brokers
CLIENT-0327,Cedar Foods Inc 327
CLIENT-0328,Vertex Energy Trading
CLIENT-0329,Juniper Foods Inc
CLIENT-0330,Crescent Holdings 330
CLIENT-0331,Horizon Digital Systems
CLIENT-0332,Silvergate Health Partners
CLIENT-0333,Harbor Construction LLC
CLIENT-0334,Clearwater Marine Services
CLIENT-0336,Vertex Agricultural Supply
CLIENT-0339,Horizon Manufacturing Co 339
CLIENT-0343,Juniper Manufacturing Co
CLIENT-0344,Evergreen Metals Trading
CLIENT-0346,Maple Digital Systems 346
CLIENT-0347,Oakmont Health Partners
CLIENT-0348,Seabrook Digital Systems
CLIENT-0349,Noble Aviation Services 349
CLIENT-0352,Seabrook Pharma Group
CLIENT-0354,Vertex Pharma Group 354
CLIENT-0355,Ironwood Metals Trading 355
CLIENT-0356,Atlas Construction LLC 356
CLIENT-0359,Ironwood Metals Trading 359
CLIENT-0361,Meridian Foods Inc 361
CLIENT-0362,Atlas Marine Services
CLIENT-0363,Cobalt Logistics LLC
CLIENT-0364,Sterling Digital Systems 364
CLIENT-0366,Vertex Aviation Services 366
CLIENT-0367,Granite Textiles
CLIENT-0368,Ironwood Manufacturing Co
CLIENT-0369,Blue Ridge Aviation Services
CLIENT-0370,Sterling Pharma Group
CLIENT-0371,Noble Software Labs
CLIENT-0373,Noble Pharma Group
CLIENT-0375,Cedar Foods Inc
CLIENT-0376,Vertex Aviation Services
CLIENT-0377,Clearwater Aviation Services
CLIENT-0378,Summit Health Partners
CLIENT-0381,Oakmont Digital Systems 381
CLIENT-0382,Juniper Pharma Group 382
CLIENT-0383,Lighthouse Construction LLC
CLIENT-0385,Aster Health Partners 385
CLIENT-0386,Summit Metals Trading
CLIENT-0388,Noble Agricultural Supply
CLIENT-0392,Evergreen Pharma Group
CLIENT-0393,Clearwater Imports Ltd
CLIENT-0394,Redwood Retail Group 394
CLIENT-0395,Silvergate Digital Systems 395
CLIENT-0396,Maple Metals Trading
CLIENT-0397,Westbridge Software Labs 397
CLIENT-0400,Oakmont Textiles
CLIENT-0402,Aster Metals Trading
CLIENT-0403,Harbor Construction LLC 403
CLIENT-0404,Riverstone Foods Inc 404
CLIENT-0405,Summit Digital Systems
CLIENT-0406,Westbridge Holdings 406
CLIENT-0408,Evergreen Capital Partners
CLIENT-0409,Summit Imports Ltd 409
CLIENT-0410,Sterling Imports Ltd
CLIENT-0411,Northstar Textiles
CLIENT-0413,Cedar Holdings
CLIENT-0414,Seabrook Logistics LLC
CLIENT-0416,Seabrook Digital Systems 416
CLIENT-0417,Westbridge Insurance Brokers
CLIENT-0418,Maple Logistics LLC
CLIENT-0419,Northstar Insurance Brokers
CLIENT-0420,Silvergate Textiles
CLIENT-0421,Atlas Retail Group
CLIENT-0422,Vertex Software Labs
CLIENT-0423,Northstar Foods Inc
CLIENT-0425,Redwood Energy Trading 425
CLIENT-0426,Summit Capital Partners
CLIENT-0427,Harbor Software Labs 427
CLIENT-0428,Harbor Digital Systems
CLIENT-0429,Lighthouse Energy Trading 429
CLIENT-0430,Granite Logistics LLC 430
CLIENT-0432,Sterling Logistics LLC
CLIENT-0433,Crescent Agricultural Supply
CLIENT-0434,Cobalt Metals Trading 434
CLIENT-0436,Aster Retail Group
CLIENT-0437,Cedar Energy Trading
CLIENT-0438,Lighthouse Insurance Brokers
CLIENT-0439,Clearwater Manufacturing Co
CLIENT-0444,Juniper Capital Partners
CLIENT-0445,Pioneer Aviation Services
CLIENT-0446,Maple Aviation Services
CLIENT-0447,Oakmont Aviation Services
CLIENT-0448,Keystone Insurance Brokers
CLIENT-0449,Northstar Logistics LLC
CLIENT-0450,Horizon Textiles
CLIENT-0452,Summit Metals Trading 452
CLIENT-0453,Maple Foods Inc 453
CLIENT-0454,Silvergate Marine Services
CLIENT-0455,Seabrook Construction LLC 455
CLIENT-0456,Brightline Metals Trading
CLIENT-0458,Granite Textiles 458
CLIENT-0460,Granite Construction LLC 460
CLIENT-0461,Ironwood Foods Inc
CLIENT-0464,Vertex Agricultural Supply 464
CLIENT-0466,Lighthouse Imports Ltd
CLIENT-0469,Vertex Energy Trading 469
CLIENT-0471,Juniper Textiles 471
CLIENT-0472,Clearwater Insurance Brokers 472
CLIENT-0473,Lighthouse Foods Inc
CLIENT-0474,Granite Capital Partners
CLIENT-0475,Oakmont Insurance Brokers
CLIENT-0476,Maple Manufacturing Co 476
CLIENT-0478,Granite Consulting Group
CLIENT-0479,Juniper Agricultural Supply 479
CLIENT-0481,Pioneer Manufacturing Co 481
CLIENT-0482,Harbor Foods Inc
CLIENT-0484,Sterling Retail Group
CLIENT-0486,Summit Construction LLC
CLIENT-0487,Seabrook Consulting Group 487
CLIENT-0488,Seabrook Health Partners 488
CLIENT-0489,Granite Metals Trading
CLIENT-0491,Keystone Retail Group
CLIENT-0492,Brightline Logistics LLC 492
CLIENT-0494,Westbridge Foods Inc
CLIENT-0496,Lighthouse Manufacturing Co 496
CLIENT-0497,Noble Insurance Brokers
CLIENT-0498,Crescent Aviation Services
CLIENT-0499,Redwood Consulting Group 499
