client_id,client_type,country_code,risk_rating,onboarding_date,status
CLIENT-0001,CORPORATE,AE,LOW,2024-01-29,ACTIVE
CLIENT-0002,CORPORATE,CA,LOW,2022-02-19,ACTIVE
CLIENT-0003,CORPORATE,IN,MEDIUM,2020-01-16,ACTIVE
CLIENT-0004,CORPORATE,JP,MEDIUM,2020-09-24,INACTIVE
CLIENT-0005,CORPORATE,CA,HIGH,2024-01-17,ACTIVE
CLIENT-0006,INDIVIDUAL,AE,MEDIUM,2022-06-21,ACTIVE
CLIENT-0007,CORPORATE,US,MEDIUM,2023-04-17,ACTIVE
CLIENT-0008,CORPORATE,BR,MEDIUM,2018-06-30,ACTIVE
CLIENT-0009,INDIVIDUAL,JP,HIGH,2024-05-08,ACTIVE
CLIENT-0010,CORPORATE,CA,LOW,2020-01-18,ACTIVE
CLIENT-0011,INDIVIDUAL,US,LOW,2023-09-10,ACTIVE
CLIENT-0012,INDIVIDUAL,NL,LOW,2023-04-21,ACTIVE
CLIENT-0013,CORPORATE,US,MEDIUM,2022-07-02,ACTIVE
CLIENT-0014,CORPORATE,US,LOW,2025-03-03,ACTIVE
CLIENT-0015,CORPORATE,US,LOW,2023-11-09,ACTIVE
CLIENT-0016,INDIVIDUAL,JP,LOW,2019-09-23,ACTIVE
CLIENT-0017,INDIVIDUAL,CH,LOW,2024-05-10,ACTIVE
CLIENT-0018,CORPORATE,SG,MEDIUM,2019-04-16,ACTIVE
CLIENT-0019,INDIVIDUAL,BR,MEDIUM,2022-10-20,ACTIVE
CLIENT-0020,CORPORATE,US,HIGH,2025-02-26,ACTIVE
CLIENT-0021,CORPORATE,GB,LOW,2022-02-23,ACTIVE
CLIENT-0022,INDIVIDUAL,NL,MEDIUM,2022-03-24,ACTIVE
CLIENT-0023,CORPORATE,US,LOW,2021-11-03,ACTIVE
CLIENT-0024,INDIVIDUAL,BR,LOW,2020-10-19,ACTIVE
CLIENT-0025,CORPORATE,JP,LOW,2024-08-01,ACTIVE
CLIENT-0026,CORPORATE,CH,LOW,2022-12-02,ACTIVE
CLIENT-0027,CORPORATE,US,LOW,2018-05-28,ACTIVE
CLIENT-0028,CORPORATE,SG,MEDIUM,2023-09-02,ACTIVE
CLIENT-0029,CORPORATE,MX,HIGH,2025-04-16,ACTIVE
CLIENT-0030,CORPORATE,FR,LOW,2020-11-11,ACTIVE
CLIENT-0031,CORPORATE,DE,MEDIUM,2020-05-04,ACTIVE
CLIENT-0032,CORPORATE,US,MEDIUM,2021-02-22,ACTIVE
CLIENT-0033,CORPORATE,IN,LOW,2020-10-18,ACTIVE
CLIENT-0034,CORPORATE,US,MEDIUM,2021-11-27,ACTIVE
CLIENT-0035,CORPORATE,FR,MEDIUM,2025-03-27,INACTIVE
CLIENT-0036,INDIVIDUAL,MX,LOW,2023-10-01,ACTIVE
CLIENT-0037,CORPORATE,US,LOW,2025-03-24,ACTIVE
CLIENT-0038,CORPORATE,NL,LOW,2025-04-01,ACTIVE
CLIENT-0039,CORPORATE,GB,LOW,2024-10-14,ACTIVE
CLIENT-0040,CORPORATE,AU,HIGH,2024-11-24,INACTIVE
CLIENT-0041,INDIVIDUAL,BR,MEDIUM,2023-01-07,ACTIVE
CLIENT-0042,CORPORATE,NL,MEDIUM,2021-08-15,ACTIVE
CLIENT-0043,CORPORATE,CA,MEDIUM,2020-10-12,SUSPENDED
CLIENT-0044,CORPORATE,BR,LOW,2022-12-19,ACTIVE
CLIENT-0045,CORPORATE,BR,LOW,2022-07-25,ACTIVE
CLIENT-0046,INDIVIDUAL,US,MEDIUM,2024-07-28,ACTIVE
CLIENT-0047,CORPORATE,US,MEDIUM,2021-04-23,ACTIVE
CLIENT-0048,CORPORATE,US,LOW,2023-09-05,ACTIVE
CLIENT-0049,CORPORATE,US,HIGH,2024-09-12,ACTIVE
CLIENT-0050,CORPORATE,DE,MEDIUM,2024-04-27,INACTIVE
CLIENT-0051,CORPORATE,CA,MEDIUM,2024-07-22,INACTIVE
CLIENT-0052,CORPORATE,NL,LOW,2021-04-11,ACTIVE
CLIENT-0053,CORPORATE,MX,MEDIUM,2020-06-03,ACTIVE
CLIENT-0054,INDIVIDUAL,US,LOW,2022-08-13,ACTIVE
CLIENT-0055,CORPORATE,BR,MEDIUM,2021-12-22,INACTIVE
CLIENT-0056,CORPORATE,CA,MEDIUM,2022-06-21,ACTIVE
CLIENT-0057,INDIVIDUAL,SG,LOW,2020-03-24,ACTIVE
CLIENT-0058,INDIVIDUAL,NL,MEDIUM,2020-10-01,INACTIVE
CLIENT-0059,CORPORATE,MX,HIGH,2020-02-21,ACTIVE
CLIENT-0060,INDIVIDUAL,AE,MEDIUM,2023-05-28,ACTIVE
CLIENT-0061,INDIVIDUAL,US,LOW,2020-03-24,ACTIVE
CLIENT-0062,CORPORATE,DE,LOW,2018-06-17,ACTIVE
CLIENT-0063,INDIVIDUAL,SG,LOW,2021-11-16,ACTIVE
CLIENT-0064,CORPORATE,US,MEDIUM,2019-01-31,ACTIVE
CLIENT-0065,INDIVIDUAL,JP,LOW,2024-11-28,ACTIVE
CLIENT-0066,CORPORATE,US,MEDIUM,2019-01-08,ACTIVE
CLIENT-0067,CORPORATE,US,HIGH,2024-11-22,INACTIVE
CLIENT-0068,CORPORATE,MX,LOW,2023-03-24,ACTIVE
CLIENT-0069,CORPORATE,NL,LOW,2022-09-09,ACTIVE
CLIENT-0070,CORPORATE,US,MEDIUM,2024-11-10,ACTIVE
CLIENT-0071,CORPORATE,GB,MEDIUM,2019-09-27,ACTIVE
CLIENT-0072,CORPORATE,NL,HIGH,2024-05-04,ACTIVE
CLIENT-0073,INDIVIDUAL,DE,LOW,2018-09-06,ACTIVE
CLIENT-0074,CORPORATE,CH,HIGH,2018-03-29,ACTIVE
CLIENT-0075,CORPORATE,US,MEDIUM,2020-10-31,ACTIVE
CLIENT-0076,CORPORATE,US,MEDIUM,2022-06-28,ACTIVE
CLIENT-0077,INDIVIDUAL,CA,LOW,2023-10-11,ACTIVE
CLIENT-0078,INDIVIDUAL,DE,LOW,2024-02-25,ACTIVE
CLIENT-0079,CORPORATE,CH,MEDIUM,2022-04-16,ACTIVE
CLIENT-0080,CORPORATE,DE,HIGH,2023-03-05,ACTIVE
CLIENT-0081,CORPORATE,IN,LOW,2023-05-19,ACTIVE
CLIENT-0082,INDIVIDUAL,JP,LOW,2021-03-30,ACTIVE
CLIENT-0083,CORPORATE,GB,MEDIUM,2020-03-24,INACTIVE
CLIENT-0084,CORPORATE,SG,LOW,2022-08-29,ACTIVE
CLIENT-0085,INDIVIDUAL,CA,MEDIUM,2020-08-07,ACTIVE
CLIENT-0086,INDIVIDUAL,JP,LOW,2019-06-20,ACTIVE
CLIENT-0087,CORPORATE,GB,LOW,2018-03-24,ACTIVE
CLIENT-0088,CORPORATE,US,MEDIUM,2024-09-06,INACTIVE
CLIENT-0089,CORPORATE,SG,MEDIUM,2025-05-23,INACTIVE
CLIENT-0090,CORPORATE,GB,LOW,2018-11-20,ACTIVE
CLIENT-0091,INDIVIDUAL,FR,LOW,2019-06-25,SUSPENDED
CLIENT-0092,CORPORATE,AU,MEDIUM,2020-12-06,ACTIVE
CLIENT-0093,CORPORATE,MX,LOW,2020-07-27,ACTIVE
CLIENT-0094,INDIVIDUAL,US,LOW,2019-04-12,ACTIVE
CLIENT-0095,CORPORATE,SG,LOW,2018-03-31,ACTIVE
CLIENT-0096,INDIVIDUAL,JP,LOW,2018-10-06,ACTIVE
CLIENT-0097,CORPORATE,FR,HIGH,2018-08-11,ACTIVE
CLIENT-0098,CORPORATE,MX,HIGH,2025-05-21,ACTIVE
CLIENT-0099,CORPORATE,DE,MEDIUM,2019-10-28,SUSPENDED
CLIENT-0100,CORPORATE,GB,LOW,2024-11-30,ACTIVE
CLIENT-0101,INDIVIDUAL,FR,HIGH,2021-07-31,ACTIVE
CLIENT-0102,CORPORATE,IN,LOW,2018-10-24,INACTIVE
CLIENT-0103,CORPORATE,US,LOW,2020-10-08,ACTIVE
CLIENT-0104,CORPORATE,US,MEDIUM,2023-08-01,ACTIVE
CLIENT-0105,INDIVIDUAL,SG,LOW,2022-02-20,ACTIVE
CLIENT-0106,CORPORATE,GB,LOW,2024-07-12,ACTIVE
CLIENT-0107,CORPORATE,GB,LOW,2020-11-24,ACTIVE
CLIENT-0108,CORPORATE,CH,LOW,2024-12-07,ACTIVE
CLIENT-0109,CORPORATE,IN,MEDIUM,2019-11-08,ACTIVE
CLIENT-0110,INDIVIDUAL,CA,LOW,2024-06-09,ACTIVE
CLIENT-0111,INDIVIDUAL,US,LOW,2022-04-10,ACTIVE
CLIENT-0112,CORPORATE,AE,HIGH,2020-05-02,SUSPENDED
CLIENT-0113,CORPORATE,NL,MEDIUM,2019-11-16,ACTIVE
CLIENT-0114,CORPORATE,AU,MEDIUM,2024-12-29,INACTIVE
CLIENT-0115,INDIVIDUAL,SG,LOW,2022-08-03,ACTIVE
CLIENT-0116,INDIVIDUAL,SG,LOW,2020-09-27,ACTIVE
CLIENT-0117,CORPORATE,US,MEDIUM,2018-11-30,ACTIVE
CLIENT-0118,INDIVIDUAL,CA,LOW,2018-05-22,INACTIVE
CLIENT-0119,CORPORATE,US,LOW,2022-09-07,ACTIVE
CLIENT-0120,CORPORATE,CH,LOW,2021-06-15,ACTIVE
CLIENT-0121,INDIVIDUAL,US,LOW,2022-07-15,ACTIVE
CLIENT-0122,CORPORATE,US,MEDIUM,2022-12-29,ACTIVE
CLIENT-0123,CORPORATE,US,MEDIUM,2018-08-04,INACTIVE
CLIENT-0124,CORPORATE,US,LOW,2019-02-27,SUSPENDED
CLIENT-0125,CORPORATE,US,MEDIUM,2023-04-02,ACTIVE
CLIENT-0126,INDIVIDUAL,CA,LOW,2024-12-01,ACTIVE
CLIENT-0127,CORPORATE,US,HIGH,2020-11-08,ACTIVE
CLIENT-0128,INDIVIDUAL,US,LOW,2024-01-20,ACTIVE
CLIENT-0129,INDIVIDUAL,DE,LOW,2018-12-10,ACTIVE
CLIENT-0130,CORPORATE,GB,HIGH,2022-01-15,ACTIVE
CLIENT-0131,CORPORATE,AU,MEDIUM,2019-07-22,ACTIVE
CLIENT-0132,INDIVIDUAL,CA,MEDIUM,2020-10-24,ACTIVE
CLIENT-0133,INDIVIDUAL,US,MEDIUM,2023-05-15,ACTIVE
CLIENT-0134,CORPORATE,CH,MEDIUM,2023-01-16,ACTIVE
CLIENT-0135,INDIVIDUAL,CA,MEDIUM,2018-07-18,ACTIVE
CLIENT-0136,CORPORATE,US,MEDIUM,2019-07-06,ACTIVE
CLIENT-0137,CORPORATE,JP,MEDIUM,2018-11-28,ACTIVE
CLIENT-0138,CORPORATE,MX,MEDIUM,2021-04-15,ACTIVE
CLIENT-0139,CORPORATE,IN,MEDIUM,2021-04-04,ACTIVE
CLIENT-0140,CORPORATE,GB,HIGH,2021-03-21,ACTIVE
CLIENT-0141,CORPORATE,CA,MEDIUM,2023-01-31,ACTIVE
CLIENT-0142,CORPORATE,JP,MEDIUM,2018-11-04,ACTIVE
CLIENT-0143,CORPORATE,DE,MEDIUM,2022-05-01,ACTIVE
CLIENT-0144,INDIVIDUAL,GB,LOW,2020-06-29,ACTIVE
CLIENT-0145,CORPORATE,US,MEDIUM,2019-02-03,ACTIVE
CLIENT-0146,CORPORATE,CA,LOW,2025-01-16,ACTIVE
CLIENT-0147,CORPORATE,DE,MEDIUM,2022-02-15,INACTIVE
CLIENT-0148,CORPORATE,NL,MEDIUM,2022-01-14,ACTIVE
CLIENT-0149,CORPORATE,DE,MEDIUM,2020-08-11,SUSPENDED
CLIENT-0150,CORPORATE,US,HIGH,2020-02-18,ACTIVE
CLIENT-0151,INDIVIDUAL,US,LOW,2024-09-14,INACTIVE
CLIENT-0152,INDIVIDUAL,IN,LOW,2018-12-14,ACTIVE
CLIENT-0153,CORPORATE,US,MEDIUM,2023-01-22,ACTIVE
CLIENT-0154,INDIVIDUAL,GB,MEDIUM,2020-12-04,ACTIVE
CLIENT-0155,CORPORATE,JP,MEDIUM,2024-10-28,ACTIVE
CLIENT-0156,CORPORATE,US,MEDIUM,2020-03-23,INACTIVE
CLIENT-0157,CORPORATE,GB,LOW,2023-03-18,ACTIVE
CLIENT-0158,CORPORATE,AU,HIGH,2019-08-08,ACTIVE
CLIENT-0159,CORPORATE,BR,MEDIUM,2020-11-10,ACTIVE
CLIENT-0160,INDIVIDUAL,CA,LOW,2019-12-21,ACTIVE
CLIENT-0161,INDIVIDUAL,NL,MEDIUM,2024-06-08,ACTIVE
CLIENT-0162,INDIVIDUAL,DE,MEDIUM,2019-05-06,ACTIVE
CLIENT-0163,CORPORATE,IN,LOW,2022-11-07,INACTIVE
CLIENT-0164,CORPORATE,DE,LOW,2022-11-22,ACTIVE
CLIENT-0165,INDIVIDUAL,GB,MEDIUM,2018-01-12,ACTIVE
CLIENT-0166,CORPORATE,US,LOW,2018-01-18,ACTIVE
CLIENT-0167,CORPORATE,DE,MEDIUM,2020-05-07,ACTIVE
CLIENT-0168,INDIVIDUAL,FR,LOW,2021-02-25,ACTIVE
CLIENT-0169,INDIVIDUAL,CA,LOW,2025-04-30,ACTIVE
CLIENT-0170,CORPORATE,US,MEDIUM,2022-09-17,ACTIVE
CLIENT-0171,CORPORATE,FR,LOW,2021-03-29,ACTIVE
CLIENT-0172,CORPORATE,DE,MEDIUM,2020-02-14,ACTIVE
CLIENT-0173,INDIVIDUAL,SG,MEDIUM,2024-07-10,ACTIVE
CLIENT-0174,CORPORATE,GB,LOW,2019-06-29,ACTIVE
CLIENT-0175,CORPORATE,DE,MEDIUM,2023-04-23,ACTIVE
CLIENT-0176,CORPORATE,FR,LOW,2021-04-26,ACTIVE
CLIENT-0177,INDIVIDUAL,US,LOW,2019-09-19,ACTIVE
CLIENT-0178,CORPORATE,CA,MEDIUM,2024-06-08,ACTIVE
CLIENT-0179,CORPORATE,CA,HIGH,2018-10-27,ACTIVE
CLIENT-0180,CORPORATE,US,LOW,2021-08-28,ACTIVE
CLIENT-0181,INDIVIDUAL,CA,LOW,2019-05-07,ACTIVE
CLIENT-0182,CORPORATE,AE,LOW,2021-09-22,ACTIVE
CLIENT-0183,INDIVIDUAL,US,LOW,2024-02-28,ACTIVE
CLIENT-0184,INDIVIDUAL,GB,LOW,2024-04-26,ACTIVE
CLIENT-0185,CORPORATE,NL,MEDIUM,2024-03-01,ACTIVE
CLIENT-0186,CORPORATE,US,MEDIUM,2020-04-18,ACTIVE
CLIENT-0187,INDIVIDUAL,US,MEDIUM,2019-12-24,ACTIVE
CLIENT-0188,CORPORATE,GB,LOW,2023-06-05,SUSPENDED
CLIENT-0189,INDIVIDUAL,US,LOW,2023-05-26,SUSPENDED
CLIENT-0190,INDIVIDUAL,CA,LOW,2020-05-02,INACTIVE
CLIENT-0191,CORPORATE,GB,MEDIUM,2018-02-15,ACTIVE
CLIENT-0192,CORPORATE,JP,HIGH,2021-01-17,ACTIVE
CLIENT-0193,CORPORATE,CH,HIGH,2021-09-11,ACTIVE
CLIENT-0194,CORPORATE,GB,MEDIUM,2023-03-01,ACTIVE
CLIENT-0195,INDIVIDUAL,US,HIGH,2024-04-18,ACTIVE
CLIENT-0196,CORPORATE,US,LOW,2020-12-14,ACTIVE
CLIENT-0197,CORPORATE,JP,MEDIUM,2024-05-21,ACTIVE
CLIENT-0198,INDIVIDUAL,GB,MEDIUM,2024-12-22,ACTIVE
CLIENT-0199,INDIVIDUAL,GB,MEDIUM,2021-11-18,ACTIVE
CLIENT-0200,INDIVIDUAL,AU,LOW,2019-04-19,ACTIVE
CLIENT-0201,INDIVIDUAL,US,LOW,2022-01-24,ACTIVE
CLIENT-0202,CORPORATE,MX,MEDIUM,2021-11-06,ACTIVE
CLIENT-0203,INDIVIDUAL,DE,LOW,2022-06-15,ACTIVE
CLIENT-0204,INDIVIDUAL,DE,MEDIUM,2023-08-15,ACTIVE
CLIENT-0205,INDIVIDUAL,BR,LOW,2018-03-18,ACTIVE
CLIENT-0206,INDIVIDUAL,IN,HIGH,2020-12-18,ACTIVE
CLIENT-0207,CORPORATE,DE,MEDIUM,2020-02-06,ACTIVE
CLIENT-0208,CORPORATE,AE,LOW,2018-06-23,ACTIVE
CLIENT-0209,CORPORATE,CA,HIGH,2023-04-30,ACTIVE
CLIENT-0210,CORPORATE,MX,LOW,2023-10-29,ACTIVE
CLIENT-0211,CORPORATE,US,MEDIUM,2025-05-01,ACTIVE
CLIENT-0212,INDIVIDUAL,US,LOW,2024-05-09,ACTIVE
CLIENT-0213,CORPORATE,NL,LOW,2021-07-24,ACTIVE
CLIENT-0214,CORPORATE,IN,MEDIUM,2020-04-05,ACTIVE
CLIENT-0215,INDIVIDUAL,FR,MEDIUM,2025-04-10,INACTIVE
CLIENT-0216,INDIVIDUAL,AU,MEDIUM,2018-05-19,ACTIVE
CLIENT-0217,CORPORATE,US,MEDIUM,2023-08-27,ACTIVE
CLIENT-0218,CORPORATE,MX,MEDIUM,2024-01-15,ACTIVE
CLIENT-0219,CORPORATE,US,LOW,2024-03-30,ACTIVE
CLIENT-0220,CORPORATE,US,HIGH,2023-11-27,SUSPENDED
CLIENT-0221,CORPORATE,US,MEDIUM,2021-11-10,INACTIVE
CLIENT-0222,CORPORATE,NL,MEDIUM,2020-11-05,ACTIVE
CLIENT-0223,CORPORATE,JP,MEDIUM,2023-12-01,ACTIVE
CLIENT-0224,INDIVIDUAL,GB,MEDIUM,2022-05-20,SUSPENDED
CLIENT-0225,CORPORATE,AE,LOW,2022-10-10,ACTIVE
CLIENT-0226,CORPORATE,US,MEDIUM,2021-04-21,INACTIVE
CLIENT-0227,INDIVIDUAL,US,MEDIUM,2024-05-07,ACTIVE
CLIENT-0228,CORPORATE,US,MEDIUM,2021-04-20,ACTIVE
CLIENT-0229,CORPORATE,DE,LOW,2023-12-25,ACTIVE
CLIENT-0230,CORPORATE,JP,HIGH,2019-02-19,ACTIVE
CLIENT-0231,CORPORATE,GB,HIGH,2023-10-07,ACTIVE
CLIENT-0232,CORPORATE,DE,HIGH,2019-10-21,ACTIVE
CLIENT-0233,CORPORATE,AU,HIGH,2019-02-05,INACTIVE
CLIENT-0234,CORPORATE,FR,LOW,2023-11-19,ACTIVE
CLIENT-0235,CORPORATE,MX,LOW,2024-01-21,ACTIVE
CLIENT-0236,INDIVIDUAL,CA,LOW,2025-02-24,ACTIVE
CLIENT-0237,CORPORATE,CA,LOW,2025-02-16,ACTIVE
CLIENT-0238,CORPORATE,US,HIGH,2018-10-17,ACTIVE
CLIENT-0239,CORPORATE,US,LOW,2023-01-05,ACTIVE
CLIENT-0240,INDIVIDUAL,US,LOW,2018-09-02,ACTIVE
CLIENT-0241,CORPORATE,CA,LOW,2020-04-25,ACTIVE
CLIENT-0242,CORPORATE,US,MEDIUM,2022-05-09,ACTIVE
CLIENT-0243,CORPORATE,CH,MEDIUM,2023-12-24,ACTIVE
CLIENT-0244,INDIVIDUAL,FR,LOW,2024-09-01,ACTIVE
CLIENT-0245,CORPORATE,IE,HIGH,2023-06-19,ACTIVE
CLIENT-0246,CORPORATE,NL,LOW,2019-03-16,ACTIVE
CLIENT-0247,CORPORATE,MX,HIGH,2024-01-01,INACTIVE
CLIENT-0248,CORPORATE,DE,LOW,2019-09-22,ACTIVE
CLIENT-0249,CORPORATE,GB,MEDIUM,2022-06-20,ACTIVE
CLIENT-0250,INDIVIDUAL,FR,MEDIUM,2022-02-21,ACTIVE
CLIENT-0251,INDIVIDUAL,US,LOW,2023-05-01,ACTIVE
CLIENT-0252,INDIVIDUAL,US,LOW,2021-04-01,ACTIVE
CLIENT-0253,CORPORATE,JP,LOW,2018-04-17,ACTIVE
CLIENT-0254,CORPORATE,US,MEDIUM,2024-11-21,INACTIVE
CLIENT-0255,CORPORATE,IN,MEDIUM,2020-08-13,ACTIVE
CLIENT-0256,INDIVIDUAL,NL,MEDIUM,2024-11-07,SUSPENDED
CLIENT-0257,CORPORATE,FR,MEDIUM,2022-05-31,ACTIVE
CLIENT-0258,INDIVIDUAL,US,MEDIUM,2019-09-18,SUSPENDED
CLIENT-0259,CORPORATE,FR,LOW,2018-05-28,ACTIVE
CLIENT-0260,CORPORATE,US,LOW,2023-03-25,ACTIVE
CLIENT-0261,CORPORATE,GB,MEDIUM,2022-09-11,ACTIVE
CLIENT-0262,INDIVIDUAL,US,MEDIUM,2023-04-29,ACTIVE
CLIENT-0263,INDIVIDUAL,NL,MEDIUM,2019-11-07,ACTIVE
CLIENT-0264,INDIVIDUAL,US,HIGH,2023-07-11,ACTIVE
CLIENT-0265,CORPORATE,IN,LOW,2022-11-17,INACTIVE
CLIENT-0266,INDIVIDUAL,NL,MEDIUM,2021-03-31,ACTIVE
CLIENT-0267,INDIVIDUAL,US,LOW,2023-07-24,INACTIVE
CLIENT-0268,CORPORATE,GB,MEDIUM,2021-06-21,ACTIVE
CLIENT-0269,CORPORATE,AU,LOW,2024-05-06,ACTIVE
CLIENT-0270,INDIVIDUAL,CH,MEDIUM,2019-12-18,INACTIVE
CLIENT-0271,CORPORATE,GB,MEDIUM,2020-04-03,ACTIVE
CLIENT-0272,CORPORATE,NL,LOW,2020-11-08,ACTIVE
CLIENT-0273,INDIVIDUAL,US,MEDIUM,2021-11-19,ACTIVE
CLIENT-0274,CORPORATE,US,LOW,2021-08-29,ACTIVE
CLIENT-0275,CORPORATE,DE,MEDIUM,2025-06-25,ACTIVE
CLIENT-0276,CORPORATE,US,HIGH,2018-05-23,ACTIVE
CLIENT-0277,INDIVIDUAL,MX,MEDIUM,2018-11-04,INACTIVE
CLIENT-0278,INDIVIDUAL,GB,LOW,2018-11-23,ACTIVE
CLIENT-0279,CORPORATE,US,MEDIUM,2018-10-17,ACTIVE
CLIENT-0280,CORPORATE,NL,LOW,2018-12-31,ACTIVE
CLIENT-0281,CORPORATE,IN,MEDIUM,2022-11-17,ACTIVE
CLIENT-0282,INDIVIDUAL,CH,LOW,2022-02-09,ACTIVE
CLIENT-0283,CORPORATE,GB,MEDIUM,2018-03-18,ACTIVE
CLIENT-0284,CORPORATE,US,MEDIUM,2020-01-12,ACTIVE
CLIENT-0285,INDIVIDUAL,CH,LOW,2021-12-09,ACTIVE
CLIENT-0286,CORPORATE,CA,LOW,2019-05-30,INACTIVE
CLIENT-0287,INDIVIDUAL,JP,LOW,2021-05-19,ACTIVE
CLIENT-0288,CORPORATE,BR,LOW,2022-08-17,ACTIVE
CLIENT-0289,CORPORATE,AU,LOW,2021-06-25,SUSPENDED
CLIENT-0290,INDIVIDUAL,FR,LOW,2019-05-02,ACTIVE
CLIENT-0291,CORPORATE,FR,LOW,2021-01-13,ACTIVE
CLIENT-0292,INDIVIDUAL,IE,LOW,2024-02-27,ACTIVE
CLIENT-0293,INDIVIDUAL,CA,LOW,2021-07-17,ACTIVE
CLIENT-0294,CORPORATE,MX,MEDIUM,2022-11-30,INACTIVE
CLIENT-0295,CORPORATE,GB,HIGH,2020-09-07,ACTIVE
CLIENT-0296,CORPORATE,IE,HIGH,2023-05-21,ACTIVE
CLIENT-0297,CORPORATE,US,HIGH,2018-05-03,ACTIVE
CLIENT-0298,INDIVIDUAL,DE,LOW,2020-12-07,ACTIVE
CLIENT-0299,CORPORATE,NL,LOW,2023-05-28,ACTIVE
CLIENT-0300,CORPORATE,DE,LOW,2022-10-21,ACTIVE
CLIENT-0301,CORPORATE,JP,MEDIUM,2020-12-18,ACTIVE
CLIENT-0302,CORPORATE,NL,MEDIUM,2023-12-20,INACTIVE
CLIENT-0303,CORPORATE,MX,MEDIUM,2022-09-20,ACTIVE
CLIENT-0304,INDIVIDUAL,US,MEDIUM,2023-05-19,ACTIVE
CLIENT-0305,INDIVIDUAL,CA,LOW,2020-11-16,ACTIVE
CLIENT-0306,INDIVIDUAL,GB,LOW,2022-01-17,INACTIVE
CLIENT-0307,CORPORATE,CA,LOW,2020-12-04,ACTIVE
CLIENT-0308,CORPORATE,DE,MEDIUM,2021-11-02,ACTIVE
CLIENT-0309,CORPORATE,BR,MEDIUM,2020-03-07,ACTIVE
CLIENT-0310,CORPORATE,US,MEDIUM,2020-03-29,ACTIVE
CLIENT-0311,CORPORATE,IN,LOW,2021-10-17,ACTIVE
CLIENT-0312,CORPORATE,BR,LOW,2021-11-16,ACTIVE
CLIENT-0313,CORPORATE,AE,LOW,2021-09-06,ACTIVE
CLIENT-0314,CORPORATE,FR,MEDIUM,2020-06-30,ACTIVE
CLIENT-0315,CORPORATE,IN,LOW,2020-01-03,ACTIVE
CLIENT-0316,CORPORATE,US,LOW,2019-07-26,ACTIVE
CLIENT-0317,CORPORATE,DE,HIGH,2019-10-06,ACTIVE
CLIENT-0318,CORPORATE,MX,HIGH,2022-12-23,ACTIVE
CLIENT-0319,INDIVIDUAL,MX,LOW,2022-09-08,ACTIVE
CLIENT-0320,CORPORATE,AE,MEDIUM,2018-08-14,ACTIVE
CLIENT-0321,CORPORATE,US,HIGH,2020-09-26,ACTIVE
CLIENT-0322,INDIVIDUAL,CH,MEDIUM,2018-09-10,ACTIVE
CLIENT-0323,CORPORATE,CA,LOW,2022-03-22,ACTIVE
CLIENT-0324,CORPORATE,FR,MEDIUM,2020-09-06,INACTIVE
CLIENT-0325,INDIVIDUAL,JP,LOW,2018-01-01,ACTIVE
CLIENT-0326,CORPORATE,US,LOW,2018-05-31,ACTIVE
CLIENT-0327,CORPORATE,US,MEDIUM,2018-06-24,INACTIVE
CLIENT-0328,CORPORATE,US,LOW,2018-09-05,ACTIVE
CLIENT-0329,CORPORATE,CA,LOW,2019-03-10,ACTIVE
CLIENT-0330,CORPORATE,GB,LOW,2018-03-25,ACTIVE
CLIENT-0331,CORPORATE,US,MEDIUM,2024-09-27,ACTIVE
CLIENT-0332,CORPORATE,US,LOW,2022-05-23,ACTIVE
CLIENT-0333,CORPORATE,GB,LOW,2021-09-06,ACTIVE
CLIENT-0334,CORPORATE,US,LOW,2021-07-10,ACTIVE
CLIENT-0335,INDIVIDUAL,MX,MEDIUM,2018-12-31,ACTIVE
CLIENT-0336,CORPORATE,US,LOW,2018-09-29,ACTIVE
CLIENT-0337,INDIVIDUAL,CA,LOW,2023-03-31,ACTIVE
CLIENT-0338,INDIVIDUAL,US,HIGH,2024-02-25,ACTIVE
CLIENT-0339,CORPORATE,DE,LOW,2023-03-16,ACTIVE
CLIENT-0340,INDIVIDUAL,US,LOW,2024-01-09,ACTIVE
CLIENT-0341,INDIVIDUAL,MX,LOW,2019-10-03,INACTIVE
CLIENT-0342,INDIVIDUAL,GB,LOW,2019-06-12,ACTIVE
CLIENT-0343,CORPORATE,CA,HIGH,2018-01-16,ACTIVE
CLIENT-0344,CORPORATE,IE,HIGH,2023-01-03,ACTIVE
CLIENT-0345,INDIVIDUAL,US,LOW,2020-01-21,ACTIVE
CLIENT-0346,CORPORATE,AU,MEDIUM,2018-04-30,ACTIVE
CLIENT-0347,CORPORATE,IN,LOW,2021-11-24,ACTIVE
CLIENT-0348,CORPORATE,US,LOW,2020-08-15,SUSPENDED
CLIENT-0349,CORPORATE,US,LOW,2022-03-12,ACTIVE
CLIENT-0350,INDIVIDUAL,US,MEDIUM,2020-07-26,ACTIVE
CLIENT-0351,INDIVIDUAL,FR,LOW,2024-10-31,ACTIVE
CLIENT-0352,CORPORATE,BR,MEDIUM,2019-11-16,INACTIVE
CLIENT-0353,INDIVIDUAL,IN,HIGH,2025-01-26,ACTIVE
CLIENT-0354,CORPORATE,AE,LOW,2024-08-05,ACTIVE
CLIENT-0355,CORPORATE,US,MEDIUM,2020-06-01,ACTIVE
CLIENT-0356,CORPORATE,SG,MEDIUM,2020-11-01,ACTIVE
CLIENT-0357,INDIVIDUAL,US,MEDIUM,2018-04-02,ACTIVE
CLIENT-0358,INDIVIDUAL,IE,MEDIUM,2020-10-16,ACTIVE
CLIENT-0359,CORPORATE,US,HIGH,2023-03-31,ACTIVE
CLIENT-0360,INDIVIDUAL,IN,LOW,2023-02-03,ACTIVE
CLIENT-0361,CORPORATE,NL,LOW,2019-12-18,ACTIVE
CLIENT-0362,CORPORATE,US,MEDIUM,2019-02-13,ACTIVE
CLIENT-0363,CORPORATE,FR,MEDIUM,2021-12-22,ACTIVE
CLIENT-0364,CORPORATE,JP,HIGH,2022-06-22,ACTIVE
CLIENT-0365,INDIVIDUAL,JP,LOW,2021-01-03,ACTIVE
CLIENT-0366,CORPORATE,NL,LOW,2018-04-29,SUSPENDED
CLIENT-0367,CORPORATE,IE,LOW,2021-02-24,ACTIVE
CLIENT-0368,CORPORATE,US,LOW,2021-08-12,ACTIVE
CLIENT-0369,CORPORATE,BR,MEDIUM,2021-09-19,ACTIVE
CLIENT-0370,CORPORATE,AU,MEDIUM,2024-08-22,ACTIVE
CLIENT-0371,CORPORATE,CA,MEDIUM,2023-04-24,ACTIVE
CLIENT-0372,INDIVIDUAL,NL,LOW,2020-06-03,ACTIVE
CLIENT-0373,CORPORATE,JP,LOW,2024-07-05,INACTIVE
CLIENT-0374,INDIVIDUAL,IE,LOW,2023-05-10,ACTIVE
CLIENT-0375,CORPORATE,IN,LOW,2021-07-21,ACTIVE
CLIENT-0376,CORPORATE,NL,HIGH,2023-11-01,ACTIVE
CLIENT-0377,CORPORATE,AE,HIGH,2024-09-29,ACTIVE
CLIENT-0378,CORPORATE,SG,HIGH,2021-05-04,ACTIVE
CLIENT-0379,INDIVIDUAL,AE,LOW,2021-09-08,ACTIVE
CLIENT-0380,INDIVIDUAL,DE,LOW,2022-03-24,ACTIVE
CLIENT-0381,CORPORATE,CH,MEDIUM,2021-02-26,ACTIVE
CLIENT-0382,CORPORATE,US,LOW,2023-05-10,INACTIVE
CLIENT-0383,CORPORATE,IN,MEDIUM,2018-11-13,ACTIVE
CLIENT-0384,INDIVIDUAL,CH,MEDIUM,2020-05-25,INACTIVE
CLIENT-0385,CORPORATE,CA,MEDIUM,2019-10-26,INACTIVE
CLIENT-0386,CORPORATE,US,MEDIUM,2018-01-19,ACTIVE
CLIENT-0387,INDIVIDUAL,NL,MEDIUM,2019-10-18,ACTIVE
CLIENT-0388,CORPORATE,GB,HIGH,2023-05-07,ACTIVE
CLIENT-0389,INDIVIDUAL,US,LOW,2021-07-06,INACTIVE
CLIENT-0390,INDIVIDUAL,US,LOW,2025-04-08,ACTIVE
CLIENT-0391,INDIVIDUAL,US,LOW,2022-08-22,ACTIVE
CLIENT-0392,CORPORATE,US,MEDIUM,2024-10-08,ACTIVE
CLIENT-0393,CORPORATE,US,HIGH,2023-03-09,ACTIVE
CLIENT-0394,CORPORATE,US,MEDIUM,2024-07-25,ACTIVE
CLIENT-0395,CORPORATE,JP,LOW,2024-01-12,ACTIVE
CLIENT-0396,CORPORATE,US,MEDIUM,2019-04-03,ACTIVE
CLIENT-0397,CORPORATE,US,LOW,2018-03-18,INACTIVE
CLIENT-0398,INDIVIDUAL,CA,MEDIUM,2024-07-28,ACTIVE
CLIENT-0399,INDIVIDUAL,GB,MEDIUM,2018-03-24,ACTIVE
CLIENT-0400,CORPORATE,BR,LOW,2019-12-12,ACTIVE
CLIENT-0401,INDIVIDUAL,FR,LOW,2018-01-12,ACTIVE
CLIENT-0402,CORPORATE,NL,HIGH,2020-02-22,SUSPENDED
CLIENT-0403,CORPORATE,US,LOW,2018-05-31,INACTIVE
CLIENT-0404,CORPORATE,US,LOW,2018-08-30,INACTIVE
CLIENT-0405,CORPORATE,AU,MEDIUM,2018-10-03,ACTIVE
CLIENT-0406,CORPORATE,DE,LOW,2024-02-22,ACTIVE
CLIENT-0407,INDIVIDUAL,US,LOW,2025-05-04,ACTIVE
CLIENT-0408,CORPORATE,CH,HIGH,2023-01-29,INACTIVE
CLIENT-0409,CORPORATE,MX,LOW,2022-05-08,ACTIVE
CLIENT-0410,CORPORATE,JP,HIGH,2025-03-08,ACTIVE
CLIENT-0411,CORPORATE,US,MEDIUM,2025-06-02,ACTIVE
CLIENT-0412,INDIVIDUAL,SG,HIGH,2018-08-11,ACTIVE
CLIENT-0413,CORPORATE,GB,MEDIUM,2020-11-04,ACTIVE
CLIENT-0414,CORPORATE,DE,LOW,2022-03-23,ACTIVE
CLIENT-0415,INDIVIDUAL,BR,LOW,2020-07-15,ACTIVE
CLIENT-0416,CORPORATE,CA,LOW,2019-11-28,ACTIVE
CLIENT-0417,CORPORATE,JP,HIGH,2019-12-02,ACTIVE
CLIENT-0418,CORPORATE,DE,HIGH,2024-07-10,ACTIVE
CLIENT-0419,CORPORATE,JP,MEDIUM,2018-09-11,ACTIVE
CLIENT-0420,CORPORATE,AU,HIGH,2022-01-28,ACTIVE
CLIENT-0421,CORPORATE,DE,MEDIUM,2024-07-22,ACTIVE
CLIENT-0422,CORPORATE,CH,LOW,2020-04-02,INACTIVE
CLIENT-0423,CORPORATE,DE,LOW,2020-07-03,ACTIVE
CLIENT-0424,INDIVIDUAL,FR,LOW,2018-09-30,ACTIVE
CLIENT-0425,CORPORATE,US,MEDIUM,2022-05-11,ACTIVE
CLIENT-0426,CORPORATE,CH,LOW,2018-09-11,ACTIVE
CLIENT-0427,CORPORATE,JP,MEDIUM,2024-01-04,ACTIVE
CLIENT-0428,CORPORATE,FR,LOW,2022-03-12,ACTIVE
CLIENT-0429,CORPORATE,AE,MEDIUM,2023-11-25,SUSPENDED
CLIENT-0430,CORPORATE,IN,MEDIUM,2022-08-27,ACTIVE
CLIENT-0431,INDIVIDUAL,MX,MEDIUM,2021-08-10,ACTIVE
CLIENT-0432,CORPORATE,NL,MEDIUM,2023-07-30,ACTIVE
CLIENT-0433,CORPORATE,FR,MEDIUM,2020-02-09,ACTIVE
CLIENT-0434,CORPORATE,AE,HIGH,2022-11-22,INACTIVE
CLIENT-0435,INDIVIDUAL,US,LOW,2024-09-02,ACTIVE
CLIENT-0436,CORPORATE,BR,MEDIUM,2023-11-13,ACTIVE
CLIENT-0437,CORPORATE,US,LOW,2021-05-10,ACTIVE
CLIENT-0438,CORPORATE,US,MEDIUM,2022-11-11,ACTIVE
CLIENT-0439,CORPORATE,US,MEDIUM,2022-08-22,ACTIVE
CLIENT-0440,INDIVIDUAL,CA,LOW,2025-01-13,ACTIVE
CLIENT-0441,INDIVIDUAL,NL,LOW,2024-07-30,ACTIVE
CLIENT-0442,INDIVIDUAL,BR,LOW,2020-05-21,ACTIVE
CLIENT-0443,INDIVIDUAL,CA,LOW,2018-09-19,ACTIVE
CLIENT-0444,CORPORATE,IE,HIGH,2018-08-21,SUSPENDED
CLIENT-0445,CORPORATE,US,LOW,2020-09-27,SUSPENDED
CLIENT-0446,CORPORATE,SG,MEDIUM,2019-02-16,ACTIVE
CLIENT-0447,CORPORATE,US,HIGH,2020-12-01,ACTIVE
CLIENT-0448,CORPORATE,FR,MEDIUM,2018-09-18,SUSPENDED
CLIENT-0449,CORPORATE,US,LOW,2024-04-19,ACTIVE
CLIENT-0450,CORPORATE,FR,MEDIUM,2024-09-25,ACTIVE
CLIENT-0451,INDIVIDUAL,JP,MEDIUM,2024-09-22,ACTIVE
CLIENT-0452,CORPORATE,US,HIGH,2023-09-18,ACTIVE
CLIENT-0453,CORPORATE,US,LOW,2019-03-17,ACTIVE
CLIENT-0454,CORPORATE,US,LOW,2019-08-02,ACTIVE
CLIENT-0455,CORPORATE,NL,LOW,2023-06-10,ACTIVE
CLIENT-0456,CORPORATE,BR,MEDIUM,2021-04-28,SUSPENDED
CLIENT-0457,INDIVIDUAL,NL,LOW,2024-11-23,ACTIVE
CLIENT-0458,CORPORATE,US,HIGH,2018-11-16,INACTIVE
CLIENT-0459,INDIVIDUAL,CA,LOW,2023-06-27,ACTIVE
CLIENT-0460,CORPORATE,US,LOW,2021-04-02,ACTIVE
CLIENT-0461,CORPORATE,NL,MEDIUM,2019-10-30,ACTIVE
CLIENT-0462,INDIVIDUAL,FR,LOW,2020-03-12,ACTIVE
CLIENT-0463,INDIVIDUAL,NL,LOW,2021-12-11,ACTIVE
CLIENT-0464,CORPORATE,DE,LOW,2018-05-28,ACTIVE
CLIENT-0465,INDIVIDUAL,IN,MEDIUM,2020-10-31,ACTIVE
CLIENT-0466,CORPORATE,IN,LOW,2021-12-12,ACTIVE
CLIENT-0467,INDIVIDUAL,US,LOW,2018-05-10,ACTIVE
CLIENT-0468,INDIVIDUAL,JP,LOW,2022-10-26,ACTIVE
CLIENT-0469,CORPORATE,NL,MEDIUM,2024-07-04,ACTIVE
CLIENT-0470,INDIVIDUAL,IN,LOW,2022-10-21,ACTIVE
CLIENT-0471,CORPORATE,CH,HIGH,2019-02-02,INACTIVE
CLIENT-0472,CORPORATE,AU,LOW,2018-11-17,ACTIVE
CLIENT-0473,CORPORATE,NL,MEDIUM,2023-12-22,ACTIVE
CLIENT-0474,CORPORATE,CH,MEDIUM,2024-10-15,ACTIVE
CLIENT-0475,CORPORATE,GB,LOW,2021-08-17,INACTIVE
CLIENT-0476,CORPORATE,JP,MEDIUM,2021-02-11,ACTIVE
CLIENT-0477,INDIVIDUAL,US,LOW,2025-04-06,ACTIVE
CLIENT-0478,CORPORATE,CA,MEDIUM,2018-11-16,ACTIVE
CLIENT-0479,CORPORATE,DE,MEDIUM,2024-07-26,ACTIVE
CLIENT-0480,INDIVIDUAL,DE,LOW,2022-07-12,ACTIVE
CLIENT-0481,CORPORATE,CA,LOW,2020-03-12,ACTIVE
CLIENT-0482,CORPORATE,BR,MEDIUM,2025-05-31,ACTIVE
CLIENT-0483,INDIVIDUAL,CA,LOW,2021-01-23,ACTIVE
CLIENT-0484,CORPORATE,US,MEDIUM,2019-01-28,SUSPENDED
CLIENT-0485,INDIVIDUAL,DE,LOW,2023-03-27,ACTIVE
CLIENT-0486,CORPORATE,US,LOW,2019-09-14,ACTIVE
CLIENT-0487,CORPORATE,SG,MEDIUM,2023-07-09,ACTIVE
CLIENT-0488,CORPORATE,US,MEDIUM,2022-05-10,ACTIVE
CLIENT-0489,CORPORATE,GB,MEDIUM,2021-12-01,ACTIVE
CLIENT-0490,INDIVIDUAL,BR,LOW,2021-09-02,ACTIVE
CLIENT-0491,CORPORATE,BR,MEDIUM,2019-04-04,ACTIVE
CLIENT-0492,CORPORATE,CA,HIGH,2018-11-17,ACTIVE
CLIENT-0493,INDIVIDUAL,US,LOW,2022-01-04,ACTIVE
CLIENT-0494,CORPORATE,CA,MEDIUM,2021-11-22,INACTIVE
CLIENT-0495,INDIVIDUAL,US,LOW,2024-04-01,INACTIVE
CLIENT-0496,CORPORATE,US,HIGH,2022-09-03,ACTIVE
CLIENT-0497,CORPORATE,US,HIGH,2025-06-15,ACTIVE
CLIENT-0498,CORPORATE,DE,MEDIUM,2018-09-05,ACTIVE
CLIENT-0499,CORPORATE,JP,MEDIUM,2021-08-20,INACTIVE
CLIENT-0500,INDIVIDUAL,MX,MEDIUM,2019-10-11,INACTIVE
