client_id,given_name,family_name
CLIENT-0006,Emma,Patel
CLIENT-0009,Nora,Chen
CLIENT-0011,Oliver,Miller
CLIENT-0012,Hana,Morgan
CLIENT-0016,Oliver,Rossi
CLIENT-0017,Chloe,Martinez
CLIENT-0019,Mateo,Ahmed
CLIENT-0022,Leo,Johnson
CLIENT-0024,Oliver,Santos
CLIENT-0036,Lucas,Santos
CLIENT-0041,Isabella,Rossi
CLIENT-0046,Sofia,Martinez
CLIENT-0054,Lena,Ahmed
CLIENT-0057,Isabella,Tanaka
CLIENT-0058,Hana,Khan
CLIENT-0060,Chloe,Patel
CLIENT-0061,Leo,Chen
CLIENT-0063,Sofia,Garcia
CLIENT-0065,Isabella,Morgan
CLIENT-0073,Mateo,Dubois
CLIENT-0077,Daniel,Johnson
CLIENT-0078,Emma,Kim
CLIENT-0082,Sara,Wilson
CLIENT-0085,Grace,Smith
CLIENT-0086,Ava,Nguyen
CLIENT-0091,Omar,Dubois
CLIENT-0094,Victor,Smith
CLIENT-0096,Priya,Garcia
CLIENT-0101,Emma,Nguyen
CLIENT-0105,Lucas,Rossi
CLIENT-0110,Leo,Brown
CLIENT-0111,Priya,Patel
CLIENT-0115,Leo,Garcia
CLIENT-0116,Sara,Silva
CLIENT-0118,Hana,Nguyen
CLIENT-0121,Amelia,Patel
CLIENT-0126,Ava,Garcia
CLIENT-0128,Mia,Smith
CLIENT-0129,Daniel,Martinez
CLIENT-0132,Ethan,Miller
CLIENT-0133,Grace,Miller
CLIENT-0135,Daniel,Patel
CLIENT-0144,Hana,Smith
CLIENT-0151,Oliver,Ortiz
CLIENT-0152,Ana,Smith
CLIENT-0154,Leo,Silva
CLIENT-0160,Victor,Ahmed
CLIENT-0161,Iris,Brown
CLIENT-0162,Grace,Nguyen
CLIENT-0165,Elena,Wilson
CLIENT-0168,Marco,Ortiz
CLIENT-0169,Liam,Smith
CLIENT-0173,Omar,Wilson
CLIENT-0177,Mia,Khan
CLIENT-0181,Leo,Morgan
CLIENT-0183,Chloe,Rossi
CLIENT-0184,Amelia,Wilson
CLIENT-0187,Ava,Smith
CLIENT-0189,Maya,Khan
CLIENT-0190,Mia,Ahmed
CLIENT-0195,Mateo,Johnson
CLIENT-0198,Liam,Garcia
CLIENT-0199,Omar,Tanaka
CLIENT-0200,Hana,Miller
CLIENT-0201,Iris,Ahmed
CLIENT-0203,Omar,Johnson
CLIENT-0204,Lucas,Ahmed
CLIENT-0205,Maya,Chen
CLIENT-0206,Emma,Rossi
CLIENT-0212,Iris,Silva
CLIENT-0215,Daniel,Smith
CLIENT-0216,Omar,Rossi
CLIENT-0224,Sara,Dubois
CLIENT-0227,Sofia,Rossi
CLIENT-0236,Mateo,Chen
CLIENT-0240,Lena,Martinez
CLIENT-0244,Amelia,Martinez
CLIENT-0250,Emma,Tanaka
CLIENT-0251,Isabella,Nguyen
CLIENT-0252,Noah,Nguyen
CLIENT-0256,Victor,Miller
CLIENT-0258,Elena,Santos
CLIENT-0262,Omar,Morgan
CLIENT-0263,Sofia,Nguyen
CLIENT-0264,Sara,Chen
CLIENT-0266,Ethan,Smith
CLIENT-0267,Iris,Smith
CLIENT-0270,Kai,Johnson
CLIENT-0273,Grace,Chen
CLIENT-0277,Chloe,Morgan
CLIENT-0278,Mia,Dubois
CLIENT-0282,Emma,Miller
CLIENT-0285,Grace,Wilson
CLIENT-0287,Lena,Wilson
CLIENT-0290,Emma,Silva
CLIENT-0292,Ana,Martinez
CLIENT-0293,Amelia,Brown
CLIENT-0298,Marco,Wilson
CLIENT-0304,Leo,Patel
CLIENT-0305,Omar,Silva
CLIENT-0306,Ethan,Johnson
CLIENT-0319,Sofia,Tanaka
CLIENT-0322,Nora,Rossi
CLIENT-0325,Ana,Ahmed
CLIENT-0335,Victor,Khan
CLIENT-0337,Marco,Rossi
CLIENT-0338,Lena,Patel
CLIENT-0340,Mateo,Brown
CLIENT-0341,Keiko,Wilson
CLIENT-0342,Sofia,Chen
CLIENT-0345,Noah,Rossi
CLIENT-0350,Sara,Martinez
CLIENT-0351,Victor,Kim
CLIENT-0353,Ana,Kim
CLIENT-0357,Mia,Tanaka
CLIENT-0358,Liam,Khan
CLIENT-0360,Hana,Chen
CLIENT-0365,Isabella,Silva
CLIENT-0372,Elena,Tanaka
CLIENT-0374,Amelia,Rossi
CLIENT-0379,Maya,Martinez
CLIENT-0380,Sofia,Wilson
CLIENT-0384,Ana,Silva
CLIENT-0387,Hana,Khan
CLIENT-0389,Mia,Santos
CLIENT-0390,Noah,Johnson
CLIENT-0391,Sofia,Khan
CLIENT-0398,Noah,Wilson
CLIENT-0399,Marco,Ahmed
CLIENT-0401,Chloe,Martinez
CLIENT-0407,Emma,Wilson
CLIENT-0412,Keiko,Nguyen
CLIENT-0415,Ava,Ahmed
CLIENT-0424,Oliver,Smith
CLIENT-0431,Elena,Nguyen
CLIENT-0435,Sara,Nguyen
CLIENT-0440,Oliver,Kim
CLIENT-0441,Ava,Dubois
CLIENT-0442,Grace,Martinez
CLIENT-0443,Chloe,Kim
CLIENT-0451,Ana,Johnson
CLIENT-0457,Amelia,Miller
CLIENT-0459,Marco,Garcia
CLIENT-0462,Noah,Wilson
CLIENT-0463,Marco,Khan
CLIENT-0465,Priya,Ortiz
CLIENT-0467,Priya,Nguyen
CLIENT-0468,Hana,Rossi
CLIENT-0470,Iris,Nguyen
CLIENT-0477,Amelia,Nguyen
CLIENT-0480,Grace,Brown
CLIENT-0483,Sofia,Khan
CLIENT-0485,Marco,Kim
CLIENT-0490,Omar,Kim
CLIENT-0493,Isabella,Wilson
CLIENT-0495,Ava,Rossi
CLIENT-0500,Lena,Ortiz
